Date,IsHoliday,Temperature,Fuel_Price,CPI,Unemployment
2001-09-30,0,35.67862045404201,2.270796321434727,5.321664113148092,9.990810025581684
2001-10-07,0,24.870336480979237,2.632352828549013,4.597994271743092,8.467219627708356
2001-10-14,0,42.804482265890485,3.0068568863481273,4.401153036485055,8.103669622139126
2001-10-21,0,21.197120439314762,2.380959487290495,8.386135022665528,5.155749483388677
2001-10-28,0,38.32451148136939,2.2776947337927798,5.638825576036311,7.920773051356932
2001-11-04,0,31.415856433821837,2.615927941619656,8.005972798909513,4.304945311232131
2001-11-11,0,43.3594003240961,2.4093047568113612,6.759948599952739,3.40057653669816
2001-11-18,0,40.75796071627455,3.4345179937885524,3.539392922975153,6.996476650602081
2001-11-25,0,43.476743745287976,3.0218014467028143,3.5304339786101457,4.81964764282238
2001-12-02,0,29.214342766553624,3.1812938711946934,6.8067255813148275,7.571297309086219
2001-12-09,0,29.38547012900669,2.589560887475237,7.210517680448202,7.796427100836429
2001-12-16,0,49.06290000937403,2.9767398841934467,3.117788771440021,9.759393005236209
2001-12-23,0,40.670391813741006,2.1423702479924005,9.395567113937547,5.064015222445926
2001-12-30,0,35.55499733648549,2.1739304686000844,5.107703395937641,8.08052878811894
2002-01-06,0,33.360930095973984,2.0131450414942726,9.69658833097278,6.716250822187442
2002-01-13,0,32.53294997039318,2.9846294626039125,4.429345050181083,8.514952900783051
2002-01-20,0,32.35186735801331,2.3598785496792662,7.171466083115597,3.257359840100608
2002-01-27,0,33.491493520898736,2.8662453668928274,8.80180648184797,5.9243078753198075
2002-02-03,0,44.69687718224603,2.3991341540148725,8.444721174443998,5.791914845039967
2002-02-10,0,35.2752203225218,2.9168060501522297,8.365397282988175,3.8705662470395517
2002-02-17,0,31.80246811195385,3.384493236057354,8.715094231343032,9.941259745029464
2002-02-24,0,35.363268236870965,2.998253642661086,3.1275748425454455,9.240472966326418
2002-03-03,0,38.09763450619957,2.6904210938332787,7.289698147271359,6.006697057270638
2002-03-10,0,42.275250412502615,2.4232190186325067,3.409995488191598,6.357053752584253
2002-03-17,1,37.30749547434713,2.8103715723744176,5.0348000187560125,4.98031747672219
2002-03-24,0,27.363870821909707,2.8147087304542366,3.7795671016954966,7.754378549650301
2002-03-31,0,29.365977462631655,2.0972144165317763,9.209473195566764,7.5672882780943675
2002-04-07,0,42.81867805766484,3.4924040811849997,5.30791605852616,7.253808939129802
2002-04-14,0,43.680312465316185,2.8716392587429,9.46103140685231,3.251631440297936
2002-04-21,0,41.85604468087667,2.2415136448243627,6.1090511760989905,6.728317815254394
2002-04-28,0,38.21473090929702,2.681381627370946,4.155746094685554,9.852874219174463
2002-05-05,0,48.312703518101216,2.8682784709489746,8.223977901389656,9.247423510559848
2002-05-12,0,25.169064756099274,2.5360414889543668,5.583882557469154,4.164234095579632
2002-05-19,0,22.26703390678093,2.3788178639764306,5.751559110218144,7.883893640157776
2002-05-26,0,49.86486920281148,2.99270613014782,3.2921005416754427,6.67984138570568
2002-06-02,0,49.46229592710097,2.6856826548961448,5.878613980711302,6.2487496402067455
2002-06-09,0,24.330666223999273,2.120053868428496,8.262468572404586,5.364716647393015
2002-06-16,0,42.32954447577926,2.07717285729591,5.318375766721046,9.212749882347488
2002-06-23,0,49.22704622628049,3.438144521024509,8.16403132476039,3.0905783630543233
2002-06-30,0,27.21402218168213,2.5024880887000265,4.636429542772198,6.915779011920645
2002-07-07,0,25.308532159999874,2.9145696826944696,9.862088106420096,7.744757328655901
2002-07-14,0,43.3341585893496,2.7545263966729685,5.124067371022061,7.978690061558213
2002-07-21,0,23.59857345866707,2.7008049614792755,5.194221724880786,6.94565902580927
2002-07-28,0,28.83342723133598,2.9946187854308475,7.669503117603991,6.499997730546516
2002-08-04,0,37.960809590169035,2.7259991469765024,3.499794502612422,7.394925561636107
2002-08-11,0,44.94874603166234,3.221046934410732,4.936014430303029,7.398680869844993
2002-08-18,0,46.677804071907794,2.2889982307826324,7.97978690501275,7.249345610979105
2002-08-25,0,25.51615310139863,2.3718305876555665,7.689132196615822,7.086281506180586
2002-09-01,0,37.962322783081646,2.28167707420299,5.986217104011202,7.881663017119298
2002-09-08,0,34.68076427287426,2.57745435283546,9.30138650821301,4.676205481624873
2002-09-15,0,40.976584185201986,2.082460185565192,5.182403802309661,9.914001293858494
2002-09-22,0,47.54693420552218,3.4959165416953573,5.930372006009251,3.6207545718259
2002-09-29,0,31.527809973808658,2.8940892316812903,6.886789179576126,5.70571183658347
2002-10-06,0,42.043172426380664,3.353561605619991,3.8964813806705303,8.18784043103176
2002-10-13,0,47.906123197066606,3.00923133729912,5.193423092392811,5.039322465278845
2002-10-20,0,48.72799253450016,2.2863772559152538,9.420073704320515,5.650670667315476
2002-10-27,0,22.37472456152929,3.496594117418275,6.03148589873808,3.508924867551473
2002-11-03,0,45.79922681691269,2.219671495745598,9.470871543051924,6.712424990633319
2002-11-10,0,21.64573034493458,3.499597239670692,7.062733887537482,4.725121610440874
2002-11-17,0,45.074021046127754,3.4727323123223095,8.948396344304232,4.326560661717383
2002-11-24,0,44.38702577067882,2.767564992945906,5.424768583035036,6.108011948934951
2002-12-01,0,42.938960904641306,2.2182106926445346,4.2402571222044205,9.967324383911274
2002-12-08,1,31.36909604887908,3.1710141284021196,8.869590163107016,6.036557028168653
2002-12-15,0,22.666724531690754,3.3014767088784747,3.933026211220607,4.017707000232038
2002-12-22,0,33.82212791717663,2.5188808162124228,6.435415720970437,6.83573889333048
2002-12-29,0,47.50428818702453,3.2911829676170488,7.993682738912899,3.246625550200887
2003-01-05,0,49.54127841106028,2.60597537276227,7.1224954935431795,6.779408826135063
2003-01-12,0,40.603182359413765,2.453925040106015,4.555857096443394,6.902237743867098
2003-01-19,0,34.6551199933721,2.3615967316773165,5.195338784060034,4.149142546906058
2003-01-26,0,41.35510706457612,3.4099816221440093,7.917062470581703,9.442077142837086
2003-02-02,0,46.345580236541146,2.85417556183216,3.5825865798581193,8.007168544404163
2003-02-09,0,48.16073771912433,2.213094454593853,7.864286326679739,4.593670870431071
2003-02-16,0,44.21537751460589,2.859920841789786,5.040474047526675,6.376175139467086
2003-02-23,0,26.179965826433165,2.8169632782360727,6.7030405635355175,3.890525313419288
2003-03-02,0,27.146620320221345,2.6175718008445577,7.760392997896321,8.099412468711956
2003-03-09,0,43.83143777420101,2.404736836053236,8.891566160601585,5.807127185541332
2003-03-16,0,35.89164211104342,2.8521885858794898,7.250162182453588,3.0621706210346735
2003-03-23,0,47.51594853182803,3.40095592093287,5.868338218963609,8.425399411238953
2003-03-30,0,32.26295188853115,3.238958141980428,6.963774346650519,7.793180092896444
2003-04-06,0,32.03495202930358,2.5466225887988787,8.299101326475673,7.079326169275433
2003-04-13,0,22.49238576636035,2.9770169528516695,7.6065420615834105,5.450387927331035
2003-04-20,0,33.19881882143207,2.701400296464135,5.959540328016757,5.200304807520146
2003-04-27,0,33.42938460104172,2.2036011854926665,4.585459936149928,5.102560231264804
2003-05-04,0,35.5462219997388,2.7402557820075435,7.39088254131289,5.425436454184853
2003-05-11,0,31.15447896351013,3.220099557399803,9.485100997493724,4.512205408922815
2003-05-18,0,27.288191482849705,3.4865005098578767,7.797439096148239,6.964044834430621
2003-05-25,0,32.979898279366985,2.948237161614549,3.2782571596941494,5.828510796009074
2003-06-01,0,33.3619513257839,3.188489246985492,6.7558605493531445,4.298954006107122
2003-06-08,0,22.90001468341399,3.247489537500556,3.6616499854842117,4.126906838022442
2003-06-15,0,47.51805619029263,2.6999778401990575,9.931138010600833,5.158795490975894
2003-06-22,0,33.57671499356566,2.26093069976274,9.814662190896362,6.728498866101131
2003-06-29,0,42.12567138871045,2.5739416734476785,7.897378137311768,8.082083762731504
2003-07-06,0,26.631796409173422,2.1313575296978424,3.529344317849428,7.792464482996144
2003-07-13,0,49.39693460703339,3.4586451613236395,7.950437003055095,7.084136984362136
2003-07-20,0,36.43796867567555,2.5294559025403185,9.676721012064093,3.5119881790547796
2003-07-27,0,38.832466472366434,3.3012265573862476,9.239588289858805,7.084096172491149
2003-08-03,0,24.548058884903746,2.1443190243278094,6.658656278659609,5.32081285484081
2003-08-10,0,25.128353792274318,2.150983251615588,5.797440109441279,5.533107965050609
2003-08-17,0,38.92321746590298,3.147711828636396,4.162862494879221,6.5950017431714905
2003-08-24,0,24.211933323226745,2.7111706973036767,9.503877410651263,4.192155619924434
2003-08-31,0,30.650484740676156,3.3245147206537973,5.411182849047104,5.483690157721231
2003-09-07,0,20.350077073259914,2.9571373916656833,3.1948518036303075,3.9301829089409983
2003-09-14,0,26.674929512632115,2.367615104453684,5.941432209184756,4.475834990671778
2003-09-21,0,28.45349702687642,3.3811944959353073,5.833636236862247,6.703070599739222
2003-09-28,0,30.207879119803586,2.837113860386686,6.039538109812297,7.475086012616471
2003-10-05,0,33.2870806849681,3.358910135873497,9.945347502688454,6.744638527224584
2003-10-12,0,44.31623509777096,2.253097227361174,7.376883059835251,6.4202669447515035
2003-10-19,0,23.903330686681183,2.061218628924883,7.674949795062496,9.354139461634185
2003-10-26,0,46.917943193199946,2.708999601314037,3.933721878768634,9.114084504561962
2003-11-02,0,34.539667404241975,2.705679769734129,7.767832552119951,3.4136314118988054
2003-11-09,0,45.65563051627406,3.255128745815912,3.5110037749172234,4.24733158917965
2003-11-16,0,39.14236684053747,2.0060501193405025,8.542067139656908,5.1872443795131025
2003-11-23,0,43.0036986271518,2.0859397945098874,9.355039443525637,8.53182140430169
2003-11-30,0,32.45972769883912,2.2342266503939894,8.37047951345421,6.983637405866222
2003-12-07,0,25.290629452445835,2.7258655602902455,6.57302464608871,9.820988381834926
2003-12-14,0,33.8167942242516,2.943529177689511,9.954094491699149,4.2754795624001725
2003-12-21,0,27.99519973113702,2.8021237535794716,5.77162984935106,9.00344168738114
2003-12-28,0,25.998962826502652,2.701348261830092,4.363548545913275,8.434360484492172
2004-01-04,0,20.125489046888102,2.8198485395277846,5.88648445265547,3.503703173660916
2004-01-11,0,34.89997308217578,2.3530569525032075,4.120467723690889,4.916780181817998
2004-01-18,0,23.766707835314744,2.016760352805899,8.356665607325297,6.408878185530041
2004-01-25,0,31.41802134488423,2.903979321348547,6.8728570418748305,9.260057161107047
2004-02-01,0,31.601435848554043,2.378873746794171,5.637766630190034,6.889568524052681
2004-02-08,0,40.39281004921317,2.125556319350552,4.885995178018589,3.6636109746787984
2004-02-15,0,22.87906909628138,2.4745219457213867,5.687043937526991,3.8839965860739545
2004-02-22,0,33.317077345098156,2.1250091123265142,6.851938043384423,8.19333215999156
2004-02-29,0,41.21747725791123,2.7462991338559624,5.067712719355083,3.398333414124992
2004-03-07,0,21.702381844835266,2.1763927124077953,4.370187074136227,4.091372200277823
2004-03-14,0,40.414221450266226,3.4621803269471796,9.505487172043221,3.3873788412181542
2004-03-21,0,34.18167108805239,3.2280560102266147,6.693852938431586,3.7595913255225994
2004-03-28,0,39.125554330580826,2.449687560735843,6.656917838523261,5.37740710826066
2004-04-04,0,21.87857152925112,2.1565912548718593,5.931710145283787,9.312076042654546
2004-04-11,0,21.226314350634567,2.5541340524559915,3.1016966986777756,8.06836509939341
2004-04-18,0,41.69382739290385,2.6146851929859656,3.6736398319211725,6.526997819279831
2004-04-25,0,28.724570501045246,2.7168026463239316,4.643539339917273,4.742868128806224
2004-05-02,0,47.4907396965626,2.346629270163236,4.371222807351873,4.647663725156247
2004-05-09,0,26.56751168383224,2.8363890073790308,5.946310348178894,3.381543042240059
2004-05-16,0,34.9777085571502,3.379702254739505,5.282542427674324,5.520041475071351
2004-05-23,0,24.230990928394757,2.0298150603618064,8.74684366303065,5.875711025913687
2004-05-30,0,21.919811991737127,3.12439315289632,3.432524556810904,5.35675468523707
2004-06-06,0,20.590562778900622,2.5736399982196927,6.0245057505698805,9.706329401341257
2004-06-13,0,24.02075292749606,2.5236756992489804,6.565685729674625,8.109219691573143
2004-06-20,0,23.048947282534378,2.0185432912660772,8.599868124567733,7.462295643569458
2004-06-27,0,47.7511658898982,3.419703319096874,5.9006700049294585,6.646494473070555
2004-07-04,0,27.45664551514989,2.5210069076676556,5.261530732388753,5.219780709602774
2004-07-11,0,21.306371746536794,2.6912769539370114,8.01540179537474,6.360728851643193
2004-07-18,0,42.84587481960367,3.277678393651743,6.83298471003663,3.697268481503727
2004-07-25,0,35.160183045783455,2.9510114031982173,8.482777677926219,7.653429478227312
2004-08-01,0,44.991267130290225,2.6970816774577036,3.006952421069311,5.832273752245345
2004-08-08,0,23.240634038833885,2.154942857128641,4.978175112514582,5.593582731342323
2004-08-15,0,43.08211737034879,3.2765861570328916,9.3593019401128,4.937865612567588
2004-08-22,0,24.291915647534573,3.108913681019178,3.5305091796640022,3.0122752559107586
2004-08-29,0,29.796540952650208,3.242455320652205,6.841423758722194,8.056850345482644
2004-09-05,0,22.664076544363873,2.6525377253840396,8.775025038093444,7.859467641597627
2004-09-12,0,33.16813086199943,2.027159553247786,9.121419319148984,4.5824617278353355
2004-09-19,0,36.499218457292,2.729766091863779,5.1483825813260715,8.956106660353058
2004-09-26,0,32.25410371776491,3.0612207635828352,8.672999028705348,6.4498184490359325
2004-10-03,0,49.74337244554274,2.8114657739126665,7.163904800610774,4.062993044582381
2004-10-10,0,48.834968265150096,2.175879762418108,5.027733965332046,6.300984274709009
2004-10-17,0,25.011715094627416,2.5116717071970895,9.677757011972886,5.121670444533576
2004-10-24,0,20.005636809476396,2.319072756982131,6.110399375556218,4.036001291954617
2004-10-31,0,24.305733121537727,3.4343687984285944,8.86368292178167,9.442239072747986
2004-11-07,0,45.27728316033027,3.464611666502373,8.502015590649162,6.616908210947521
2004-11-14,0,43.23474507569263,2.422066540245041,7.107183288724706,8.0585971731558
2004-11-21,0,49.1063113017272,2.254821576317013,3.497454287499284,4.878878615957819
2004-11-28,0,41.77104176424065,2.953397375137947,8.42482562010796,6.8664590183715095
2004-12-05,0,22.103984466734154,3.2493101530433615,5.335719017790812,4.514850274233633
2004-12-12,0,32.61705340061813,3.440990831649661,7.274320066967414,6.006181165747856
2004-12-19,0,45.95154635719125,2.96484984571555,9.563752216051565,3.385803591097097
2004-12-26,0,41.81221955124842,3.1350236656290615,3.4153623193998275,6.243526295849267
2005-01-02,0,21.997320570170217,2.5545265526756133,5.569231687065432,6.47537499627731
2005-01-09,0,41.12726331011976,2.2598912319254705,6.239438662935449,9.816538166235652
2005-01-16,0,45.46519610370443,2.1933340359784617,5.593084636359084,9.483728542468215
2005-01-23,0,47.27426151528407,2.6547492521108653,8.819939706816612,6.958042151017336
2005-01-30,0,39.654108131672785,3.3533489299574417,8.193597054253813,5.859783273767935
2005-02-06,0,26.41377656172785,3.107671983234468,8.938627668238802,6.336777659695872
2005-02-13,0,35.85864134325874,2.6606574900041355,3.0308019676648463,4.63263118977483
2005-02-20,0,38.689701997625164,2.980195330984692,7.603663487428606,6.736494713395116
2005-02-27,0,49.04584952102712,2.389943384994045,8.746575667222174,6.299965087455943
2005-03-06,0,21.444973363339138,2.859424227880943,3.2604705936217635,8.373173384319829
2005-03-13,0,46.087263092494304,3.0002627235877353,7.922676319399973,5.858639335472001
2005-03-20,0,42.20042560116963,2.873436188576476,9.28049742539865,9.870723337449324
2005-03-27,0,45.113414868757594,3.3129151841154947,4.838054633797529,6.3815241154599995
2005-04-03,0,32.960574180004116,2.713310610287541,8.123564640407944,6.118608875507238
2005-04-10,0,25.32542812499689,2.0123013973181787,6.859955301123783,3.035480898824871
2005-04-17,0,27.66302637657617,3.499421526230944,6.034079815423282,4.865667646541086
2005-04-24,0,35.86406611970446,3.2706299809040624,9.988862937727953,5.119988696715341
2005-05-01,0,45.63412132222808,3.469592336423835,8.852488048184828,4.0710814117941725
2005-05-08,0,47.08222312242884,3.3609354785866095,3.7555295140586615,7.681186020898338
2005-05-15,0,44.40704695346072,3.4133676131148754,7.431897742882917,7.512747317455486
2005-05-22,0,22.713774028160252,3.4961785979650477,6.507782362328788,5.236772444325041
2005-05-29,0,32.94798131551418,2.2646169325848895,6.627913217326466,5.7222992160545925
2005-06-05,0,30.454975262244325,3.1121970128156526,8.78323250758773,4.750564007478927
2005-06-12,0,39.67068886820477,2.9431149358513125,5.898078798025365,6.901090998637294
2005-06-19,0,41.962077482531114,3.1798992494211,8.968928775381867,7.168821550993379
2005-06-26,0,47.86011313469707,2.42001026722183,7.167416115813601,4.5432937571625995
2005-07-03,0,37.24243052400824,2.1091055332357738,9.339124937760143,8.984003330383585
2005-07-10,0,29.485410891448154,3.294221866922822,6.185535251258089,3.135898225144992
2005-07-17,0,28.81409786021019,2.0662441065600525,8.684744024555929,5.827229597305168
2005-07-24,0,23.526091389075166,3.3339725881474207,4.975994065190179,3.978922555131085
2005-07-31,0,30.053277604215328,2.4003463890032193,9.788567948646513,4.0764297465250845
2005-08-07,0,30.615748534846514,2.0314845075280994,5.944411675195525,5.654905964654761
2005-08-14,0,29.326250294486137,2.256833717980718,5.55535709796445,5.763849897631656
2005-08-21,0,37.47190472099693,2.4706721429139904,8.085656501524355,7.061474485940738
2005-08-28,0,31.809023935054405,3.1689986039683755,8.770937671855688,7.747939592736852
2005-09-04,0,22.44118987161755,2.635545477372493,5.665473870833324,3.815796391975571
2005-09-11,0,26.887879655151192,2.6011582292739113,6.437273557586041,3.1867513156774345
2005-09-18,0,46.96591470199023,2.2536121636154216,7.27145105687031,3.111077243561388
2005-09-25,0,30.985221563658364,3.284602495905288,9.252698510556396,3.430441054710813
2005-10-02,0,48.70555704952323,3.457931286260208,7.103928634260241,4.441354433689418
2005-10-09,0,41.19579216563285,3.10001026801168,5.259893210486906,5.967295303513094
2005-10-16,0,30.789314474922804,2.186580448701195,4.835302769253031,9.147766362753625
2005-10-23,0,22.875228311069947,3.432087242728352,3.6312676875949284,4.382524073072669
2005-10-30,0,21.75113884473263,2.443234257519769,6.721457129591696,6.133535571949519
2005-11-06,0,37.05921144978949,2.599680800773222,8.52936488249699,6.356756846510897
2005-11-13,0,38.56968225018869,2.0285486564065414,4.210487300733615,5.796594530077674
2005-11-20,0,39.59421990400185,2.264772153868859,5.457381793790409,4.323812287889817
2005-11-27,0,33.08744845762614,2.031115370203968,8.32766158487098,4.355749370899316
2005-12-04,0,45.81660598529652,2.4817841241951926,4.715915739730078,7.165742654439247
2005-12-11,0,43.38603434280705,2.217475861268414,5.949190602798501,9.392477182882612
2005-12-18,0,35.30072482105327,2.8226255840548724,6.437290578845332,3.9303456621804314
2005-12-25,1,27.124614619733407,2.8674021622138026,3.7765482838659006,7.425587358084672
2006-01-01,1,23.566483523887584,2.6299924595170823,6.33043709455584,4.31561311416281
2006-01-08,0,47.613074130782834,3.1843734016492427,9.942976779397364,5.619450242485439
2006-01-15,0,49.319026580706094,2.5662143169007057,4.2044313916541025,6.007430639836615
2006-01-22,0,25.113861658701104,3.4984205886984316,5.820761966235711,4.282089717730571
2006-01-29,0,35.915685739184156,2.2943552762364785,4.533046196288163,6.730040781810293
2006-02-05,0,31.488430227994574,2.3928893248682117,7.573746226089543,6.228318840220382
2006-02-12,0,41.373723747675,2.042542534177522,3.6937304494679024,6.223791416916744
2006-02-19,0,33.15510784255446,3.0653708041564824,6.313904662669449,9.83523262419425
2006-02-26,0,46.81085289819203,2.3648456243152682,6.430223961302638,6.142732293344379
2006-03-05,0,36.40982852689142,3.1923187567044113,3.658826570066092,7.807368710644013
2006-03-12,0,49.04143589819192,2.3093803683422336,3.5227055981567146,6.210222852768105
2006-03-19,0,24.21221315928517,3.104646189883262,6.648688788317653,6.949863204742795
2006-03-26,0,28.636580786351466,3.392917016972583,9.317910608456952,7.195733435215818
2006-04-02,0,41.07168018225379,2.0588912448143435,7.460117087123391,8.915585608658589
2006-04-09,0,36.110178846534325,3.2387179778846047,5.696424438465441,4.6501730062005215
2006-04-16,0,46.36938632617736,2.7138769725212493,5.952038412285006,6.680435429349912
2006-04-23,0,24.234833713005607,2.75054012155159,6.4895738143220685,6.798118586283671
2006-04-30,0,33.81059396632313,3.430760062688137,3.2943565391363636,8.995109648531871
2006-05-07,0,28.066397300139137,3.0247977454437165,4.222502583247168,7.705577748613896
2006-05-14,0,40.02375541677158,3.373485025602951,4.332228373230475,3.193056067018188
2006-05-21,0,24.794562840377957,3.3491173577344067,9.641778175688463,7.635516875873934
2006-05-28,0,34.250788114255144,3.245852690746802,8.400658547255878,7.295637083944397
2006-06-04,0,27.289904257757797,2.973118914193,9.565426815026356,6.253558841744354
2006-06-11,0,23.076207301324935,2.5635105427079945,7.58290269985123,7.119278160772017
2006-06-18,0,22.32110608165709,2.5163817640374493,5.4578673504142685,8.170971724544252
2006-06-25,0,27.036299560253113,3.4944421021848986,6.549121226463581,9.471705572624082
2006-07-02,0,48.913241773718454,2.2453804534168906,9.654084076513712,8.080753930157265
2006-07-09,0,49.79078551207934,2.2851734517491513,6.773073947156515,8.22393729320093
2006-07-16,0,33.09109810124191,3.382315757764774,8.749831755636444,4.112016458527506
2006-07-23,0,41.04307697921048,3.3318885415928503,5.075135891924284,7.745740455114762
2006-07-30,0,41.56685918562768,3.0316145558946332,5.507947642027839,8.385517421571175
2006-08-06,0,30.16810466250116,2.1749080525865665,3.837454427968841,6.704986892754367
2006-08-13,0,27.75815694706992,3.3547118524712074,6.24366372813339,3.790627193054381
2006-08-20,0,43.30889593893243,2.0613918178300965,7.999740145715845,6.371887913372184
2006-08-27,0,30.896126202295623,2.7448081723810884,7.390329283675934,6.827159955418999
2006-09-03,0,24.116601469967964,2.182330464979695,3.430032539983806,4.216863954351803
2006-09-10,0,26.46312222063997,2.0440650422709536,9.072992022997825,7.424796539986044
2006-09-17,0,38.72770836044873,2.414082281672688,5.18280648070257,5.4699494824466495
2006-09-24,0,39.51791921165404,2.5887222044179747,5.9841897530762145,9.953905635727494
2006-10-01,0,41.69071076816388,2.5781853543725233,5.342574616671799,3.520003425185208
2006-10-08,0,47.85512514242821,2.4815043046742007,4.036458424648548,6.6224734530350755
2006-10-15,0,34.56442673383119,2.736766092938265,3.7888955440082497,7.386464902621789
2006-10-22,0,31.571686157744978,3.3643146844721317,3.9912619604745796,7.693334011637883
2006-10-29,0,28.83822710662146,2.747637770248202,4.105444013938788,5.3591992443904335
2006-11-05,0,28.20077152110706,3.2331308075290894,5.827291162365214,3.15132638540424
2006-11-12,0,25.310878699590262,2.151188053341082,4.799654488904011,8.876507986071411
2006-11-19,0,22.068477898832455,2.7621108551526854,4.313786674731788,8.993006895287877
2006-11-26,0,29.604770802590107,2.9241520037184174,5.226532875850852,3.4045185803336944
2006-12-03,0,47.81845756111201,2.5300857490000275,8.30967718931435,3.6706436245297365
2006-12-10,0,39.64851989184744,3.1983525387458336,9.526176489925536,6.307840363426029
2006-12-17,0,34.38700622233645,3.3063670084321615,5.116691391943668,7.497027305768008
2006-12-24,0,44.11350313736776,2.0159649344318304,3.7482672629309635,8.853616705226552
2006-12-31,0,35.55486385725763,2.518453914866344,7.101771792937361,9.484524465434564
2007-01-07,0,44.74186849883024,3.171620410701954,8.77477425561605,7.714595877341007
2007-01-14,0,28.081072516461422,3.4375547977644896,4.891847873756978,5.28156635641211
2007-01-21,0,22.500180509173777,3.3230666274168668,9.451652568293808,9.86694385715986
2007-01-28,0,39.98710011230317,2.2029969457802654,5.0548855550459955,3.3891868925950805
2007-02-04,0,44.625436011979154,2.4750785804044724,7.431616548652652,7.665322125149976
2007-02-11,0,41.25871291344261,2.007990145610413,8.819292560134787,8.43208330870015
2007-02-18,0,45.53701106595653,2.263840200457858,7.224755642542245,7.940739019494949
2007-02-25,0,29.3057629784,3.473891188329458,7.774138410205143,5.782069949947585
2007-03-04,0,42.96421916679587,2.0481047152171943,8.600026095183033,7.227487936826535
2007-03-11,0,33.18966970994072,2.2363305257135417,5.107134450722318,6.396011591267097
2007-03-18,0,42.91073751781617,2.240202026122209,6.725451230306734,4.513433151665939
2007-03-25,0,37.53333709864155,2.802640949583555,4.898682071428309,6.230659475718852
2007-04-01,0,48.788927040424056,3.107180109592829,4.489711020986506,3.4412026856457487
2007-04-08,0,40.17509874368605,2.0185223843128495,6.281730446125596,9.787686972961122
2007-04-15,0,48.892974251454035,3.3052808545998285,4.83933625572306,6.211310204088818
2007-04-22,0,39.86046578441663,3.3201740953502017,5.648649025818106,4.72410209890479
2007-04-29,0,30.65728113378308,3.3359535756190866,3.761323856964798,3.2313196906212562
2007-05-06,0,41.849060893028586,2.409318532670512,6.972900485525898,4.258723431948438
2007-05-13,0,28.60139272847485,2.8861656461983873,6.396989037641961,3.2098040990428514
2007-05-20,0,49.275449844086886,2.6584911887293217,5.972491382504588,8.5625527917514
2007-05-27,0,28.997487647352855,2.1256270161005277,6.110305508673928,3.9166879648136774
2007-06-03,0,21.160206175130984,3.481769363592774,7.14943483730155,9.244441224619901
2007-06-10,0,37.38716718911892,2.378176862643664,4.15907684628486,9.05580901379676
2007-06-17,0,43.08003192870666,2.1662638279927635,6.464975784060455,6.090957505666047
2007-06-24,1,46.34613086584871,2.3341830131235244,6.4699417068695215,9.158689951332448
2007-07-01,0,41.6768437267862,2.5693912756326696,6.543646571690033,3.854686045124944
2007-07-08,0,33.18972923047639,2.7264474961169944,3.5507900699442514,5.6131734469943435
2007-07-15,0,47.00941462074153,3.0683976421808685,6.388550352809342,8.903758298670576
2007-07-22,0,30.955118297297954,2.3353823922483357,5.352162024898393,6.1718547515130355
2007-07-29,0,42.97090341696377,3.0899300996087167,4.949008799517532,3.2037606301252453
2007-08-05,0,21.94015228704972,2.4392930691045183,6.1046322076007815,9.482333651392942
2007-08-12,0,20.46846609079258,3.2468435878243036,7.368132589866507,4.415983480935626
2007-08-19,0,40.85246574982855,2.6474006154515077,8.677306494670244,7.163406922156141
2007-08-26,0,25.798820861504318,3.0734809112516173,3.1962753351909257,9.528294397523197
2007-09-02,0,24.833527607695576,2.467049104405425,4.536493717474974,9.011845316520967
2007-09-09,0,27.600306156108793,2.158976168208045,4.617963762151715,8.955871350702793
2007-09-16,0,29.158770620955025,2.5734938490648096,8.47960601351614,3.6346090080972706
2007-09-23,0,35.941204113340916,2.406139726692336,7.0107382793473345,4.3926840148670525
2007-09-30,0,43.28013149718984,2.2023862535349545,9.65556201902732,3.9926077826480872
2007-10-07,0,38.40077706591576,3.493784006145722,7.717523898246881,4.424694844184763
2007-10-14,0,40.77273965615485,2.91749077971429,7.849566649794164,5.304473216782793
2007-10-21,0,39.25667389349016,2.2307435787280263,4.252065207373961,8.740807907753076
2007-10-28,0,22.518546280384925,3.2102009930938644,4.258876779474806,3.146619818767333
2007-11-04,0,48.27766982120421,2.616177152927558,7.7038164313826885,8.968249120547846
2007-11-11,0,30.52418628228076,2.977775909470097,5.356254480484884,5.938044272806005
2007-11-18,0,35.32834274059611,2.058541206365924,6.137427430311679,6.345070231574676
2007-11-25,0,41.386541172494304,2.1656234391828386,4.998577221195121,6.657338885954951
2007-12-02,0,24.737284004050846,3.17194201729271,3.475742240796875,5.035795750897616
2007-12-09,0,22.041257653331037,2.7501208055917505,5.30922576260601,8.202526089551464
2007-12-16,0,39.3397753630606,3.1875313824971245,6.58684687297004,6.622035185793011
2007-12-23,0,45.154805696951186,2.2260664588412,6.363985079187375,7.029241719599763
2007-12-30,0,23.390020337076525,2.3300438821316973,5.386298748723938,4.28175214186456
2008-01-06,0,31.289091373369057,2.2055122574233383,4.44599822622644,8.648254562127068
2008-01-13,0,49.65192168855323,3.1833442758455113,6.947230574727043,9.27701878141319
2008-01-20,0,23.1019647852269,3.3453769708944865,9.626047409889235,9.041935366872718
2008-01-27,0,24.444634324542825,2.5563455554233965,3.0926187943471946,7.775519200838336
2008-02-03,0,44.89291187211715,2.6934686442524556,7.4957490477218025,3.1560356233767672
2008-02-10,0,35.466038759953406,2.258923466213236,5.333870229813352,9.294475524233192
2008-02-17,0,37.361723086015076,2.552462597729857,6.6952488722796755,7.093196363313351
2008-02-24,0,49.535970297427056,3.4951782451874642,5.87748438591529,5.83951337475893
2008-03-02,0,31.752827922024238,2.4327922669740065,5.841890244514893,5.7150512345447195
2008-03-09,0,42.76118741090225,3.3656354494790417,3.864259919660951,7.644060815410713
2008-03-16,0,36.81462641284788,2.2984445369591344,5.42045786419755,5.226568106469453
2008-03-23,0,41.34645263189248,2.8716429780919897,5.658253771779472,8.226961821518177
2008-03-30,0,25.393978998092653,3.2916571990280894,8.873813861796465,8.548889340815105
2008-04-06,0,41.99530185361979,2.248728732173734,6.629125609891402,3.3298554273623187
2008-04-13,0,48.7747971978889,2.8022891171550954,6.662015507017047,6.9634123669524834
2008-04-20,0,28.755955121718404,3.3022468461230607,6.367734688628283,3.2760413044845813
2008-04-27,0,20.263233973220775,3.324495822743487,6.971580697101433,9.572092559689448
2008-05-04,0,27.034806724511732,2.9291775360045325,5.61612749381584,4.0115206430921635
2008-05-11,0,20.462680910096484,2.8153294884083278,5.456654209751147,8.754617196209255
2008-05-18,0,49.47252075140918,2.5718760880117606,5.914502389028534,3.6047099915403544
2008-05-25,0,32.92420568741044,2.9794565705363683,6.584030702614903,8.864608683608624
2008-06-01,0,32.223065851306615,2.220368861313396,5.5356917420663185,8.634670176840231
2008-06-08,0,43.21774597017203,3.1711201423055524,7.790887659632974,5.729442562389501
2008-06-15,0,45.25233821084021,2.5857486871639823,6.5374110166935555,3.0660622644818254
2008-06-22,0,21.69749380016167,3.241560531161225,5.7771269427354905,7.168153209264567
2008-06-29,0,41.752337086217,3.1028372298431064,9.767981821512006,4.251444579662521
2008-07-06,0,41.59570037504055,3.055696200715139,4.479741143235377,5.755079928376882
2008-07-13,0,45.65954908181379,3.169222768773207,5.908525138229327,6.316728318724407
2008-07-20,0,24.523239507255354,2.629712473409355,7.564732559082006,3.691167017199955
2008-07-27,0,33.6816305156132,2.73050071024342,5.493203309766712,6.6737030076976795
2008-08-03,0,20.816695139671072,3.3903487829553622,3.761574461361019,4.6013492633769175
2008-08-10,0,23.685971600061272,2.7353538899606695,9.32449396026724,3.8951472894639037
2008-08-17,0,46.18020562767179,3.4938364388969347,3.492546787940072,7.127521246218041
2008-08-24,0,36.0693894215584,2.464501615400153,7.331663469421661,8.30695995104902
2008-08-31,0,32.52424039175546,2.0775903322103324,3.287916975065906,6.789219713275913
2008-09-07,0,33.47928428689252,2.0887350627290364,6.981462010308148,6.450412286693567
2008-09-14,0,24.005959614021357,2.6098282723482997,9.663833273812747,3.5005747264631584
2008-09-21,0,45.00904799515082,2.7648357639221444,6.8941381789074185,8.095045358751495
2008-09-28,0,37.398140276686476,3.2277098769611543,6.312774428588364,3.632003902018442
2008-10-05,0,41.51016968780286,3.195634434873428,4.845864363730743,9.196618414288897
2008-10-12,0,30.00499238138368,2.152322122433156,7.388191285490655,9.283703939159311
2008-10-19,0,26.02529767825854,3.351114534997543,5.863082031865169,7.7611958565366725
2008-10-26,0,23.228650144239573,3.004747834361317,8.122222720950292,7.989456937926095
2008-11-02,0,21.99807486687909,2.2792449501836782,7.527217537164713,5.991069453240187
2008-11-09,0,31.27130212188301,2.4022803756074014,3.6808472591909664,8.15284800782393
2008-11-16,0,43.06533403174999,2.2552765102219725,4.3204792897310895,3.2078921200349355
2008-11-23,0,27.230972761612463,2.752548765524251,4.736518048916209,9.610615415404764
2008-11-30,0,24.656298065069905,2.7036146538119636,6.291191868492222,3.0939500779293523
2008-12-07,0,47.509985912966094,2.5218540505272884,7.093937933682456,7.296801408281279
2008-12-14,0,28.838871281693883,2.4663953276967696,8.042105127528576,3.8737214379495186
2008-12-21,0,31.330558667645008,3.233641673791004,7.487909179963283,6.8112528141635185
2008-12-28,0,46.35511454465857,2.619420294369075,3.421194182775026,8.13112657619807
2009-01-04,0,36.539210409204166,2.1649317217816146,9.260023818990405,5.868743152909325
2009-01-11,0,22.68143608884654,2.3834074735572437,8.499613299749786,8.924229966125255
2009-01-18,0,48.28871061695335,2.96872885037821,4.814823440028517,9.059367456704626
2009-01-25,0,43.44598292603014,3.266570681918477,9.249866225173667,7.527338218086335
2009-02-01,0,28.490244458027632,3.3885805300745044,6.966019720681577,6.215353689656954
2009-02-08,0,26.442883674363586,2.202425657393713,9.86477986459391,5.887719865465281
2009-02-15,0,44.65019449660084,2.4442281219877495,6.066324676609211,7.0741736613324235
2009-02-22,0,29.603920263106218,2.218643868138571,3.9133521960548303,3.2627515459570535
2009-03-01,0,22.552532328480947,2.1491266531089837,8.276126792769993,6.80946585566566
2009-03-08,0,45.66606010891263,2.091848172671972,9.866166879654216,7.789577461928175
2009-03-15,0,47.20992597110574,2.5833774208468694,3.5058023749600546,9.803977710698803
2009-03-22,0,38.85481941132626,2.7820633825490146,9.407130749085036,3.963491331608235
2009-03-29,0,31.576161971096447,3.447528791638204,4.598226457200685,8.655086304102085
2009-04-05,0,44.03272994718658,2.130629758408112,5.39379249640445,9.976463615844796
2009-04-12,0,42.37007385023564,2.719997355386722,7.732304872946211,9.631493156736443
2009-04-19,0,30.055729356810858,2.941485379690052,4.665521173004044,7.707117117974499
2009-04-26,0,20.030857065572818,2.518157419647097,3.671696594451152,3.745701415844963
2009-05-03,0,33.012905566028934,3.4819512338805874,6.249921824209619,7.511251726721071
2009-05-10,0,20.866926560957676,3.27947639170402,4.2765236018108075,3.6645232768389926
2009-05-17,0,22.36380387136919,2.3931076347337625,7.961580506649111,6.360911403266987
2009-05-24,0,33.991867231414986,2.6528322052021798,3.2538503380595794,3.1126709681469773
2009-05-31,0,34.640793980457886,2.5649548414790533,5.316975033126066,3.989611116384361
2009-06-07,0,26.47938915967676,2.57775265598045,8.760716757944735,9.597936364173153
2009-06-14,0,23.90524950618504,2.323049858698254,7.045158756800908,5.441691716250361
2009-06-21,0,24.732406487354794,3.2240133452809703,9.112920109760964,4.665681360742101
2009-06-28,0,48.253635618678715,2.5641488576742826,9.97767812454941,4.322183312503457
2009-07-05,0,22.27884408870173,3.39017826202746,6.719367608460398,6.601253345564322
2009-07-12,0,43.534680614396464,2.3705471620768606,7.137058591620256,9.502700249838139
2009-07-19,0,32.73623320143835,3.3647813164815776,8.996758897502488,9.183344774964336
2009-07-26,0,24.281588346916344,3.0483298390494187,7.841466987864196,4.224698874806197
