Store,Date,Weekly_Sales
id_7,2001-09-30,0.09875955342304271
id_7,2001-10-07,0.2641575635286753
id_7,2001-10-14,0.3358449288054268
id_7,2001-10-21,0.2351606411680205
id_7,2001-10-28,0.4798478195146218
id_7,2001-11-04,0.12014616001508333
id_7,2001-11-11,0.38157011512739647
id_7,2001-11-18,0.43509108925357426
id_7,2001-11-25,0.28103305537735956
id_7,2001-12-02,0.22811125098077656
id_7,2001-12-09,0.2980922233896218
id_7,2001-12-16,0.21440488508017147
id_7,2001-12-23,0.2775969411616847
id_7,2001-12-30,0.2084669760644008
id_7,2002-01-06,0.20023485514706701
id_7,2002-01-13,0.3476732340697649
id_7,2002-01-20,0.046425606533983976
id_7,2002-01-27,0.08327103636441041
id_7,2002-02-03,0.425599235857502
id_7,2002-02-10,0.385538673407594
id_7,2002-02-17,0.1407268636471969
id_7,2002-02-24,0.1886344663328801
id_7,2002-03-03,0.46301325331424026
id_7,2002-03-10,0.40903861258693064
id_7,2002-03-17,0.30717314998981543
id_7,2002-03-24,0.11074508940147887
id_7,2002-03-31,0.022125985657634795
id_7,2002-04-07,0.21562892342094908
id_7,2002-04-14,0.33631356962873094
id_7,2002-04-21,0.4142402452589258
id_7,2002-04-28,0.4263445028711347
id_7,2002-05-05,0.016387950646681693
id_7,2002-05-12,0.12207851691843968
id_7,2002-05-19,0.16954729423870152
id_7,2002-05-26,0.09436610547969293
id_7,2002-06-02,0.4014876891819189
id_4,2002-06-09,0.13045224969052988
id_7,2002-06-09,0.38373288154247126
id_4,2002-06-16,0.2479851476867348
id_7,2002-06-16,0.2584165201904854
id_4,2002-06-23,0.3408699725346806
id_7,2002-06-23,0.49146323899792776
id_4,2002-06-30,0.13867013565262176
id_7,2002-06-30,0.07202927054542113
id_4,2002-07-07,0.26218990553861
id_7,2002-07-07,0.44982585166383443
id_4,2002-07-14,0.05869014708527859
id_7,2002-07-14,0.05823162708095808
id_4,2002-07-21,0.07992264342709565
id_7,2002-07-21,0.08159085275706035
id_7,2002-07-28,0.3481096001253094
id_4,2002-07-28,0.023403177356094373
id_4,2002-08-04,0.4853657213853164
id_7,2002-08-04,0.05478484602084466
id_4,2002-08-11,0.0019301757551305476
id_7,2002-08-11,0.28292254770935543
id_4,2002-08-18,0.08928998402882815
id_7,2002-08-18,0.2101167682363268
id_4,2002-08-25,0.3064333765584962
id_7,2002-08-25,0.3642369827705074
id_4,2002-09-01,0.04068479942665265
id_7,2002-09-01,0.45033761940443257
id_7,2002-09-08,0.3849357573345277
id_4,2002-09-08,0.44094825154841616
id_4,2002-09-15,0.3598100789211441
id_7,2002-09-15,0.42484493821059416
id_7,2002-09-22,0.01647272426561619
id_4,2002-09-22,0.4831949857189467
id_4,2002-09-29,0.25381777362038244
id_7,2002-09-29,0.15509774912210156
id_4,2002-10-06,0.1502018415792436
id_7,2002-10-06,0.2577165433431662
id_4,2002-10-13,0.2747502863976357
id_7,2002-10-13,0.20797665731488973
id_4,2002-10-20,0.4654093586489866
id_7,2002-10-20,0.11562747648984423
id_4,2002-10-27,0.26038071862093026
id_7,2002-10-27,0.15393704898001165
id_7,2002-11-03,0.47271548519580286
id_4,2002-11-03,0.13360351593115932
id_4,2002-11-10,0.4386993945870598
id_7,2002-11-10,0.14709043993567578
id_4,2002-11-17,0.18595937425623066
id_7,2002-11-17,0.17695205508989287
id_7,2002-11-24,0.0018548868750093428
id_4,2002-11-24,0.0006916749994995697
id_7,2002-12-01,0.42253881363893725
id_4,2002-12-01,0.12384251124615797
id_4,2002-12-08,0.1591167545885312
id_7,2002-12-08,0.07742035170078831
id_7,2002-12-15,0.10207213775686302
id_4,2002-12-15,0.4293887341159511
id_4,2002-12-22,0.2292515835332225
id_7,2002-12-22,0.1276322585460128
id_4,2002-12-29,0.22229364390565037
id_7,2002-12-29,0.4423110284224213
id_4,2003-01-05,0.1680511331999437
id_7,2003-01-05,0.10322570562315736
id_4,2003-01-12,0.4403390615235398
id_7,2003-01-12,0.39876318043396997
id_4,2003-01-19,0.4725133884701957
id_7,2003-01-19,0.40402467016145227
id_4,2003-01-26,0.4959451645773147
id_7,2003-01-26,0.4635102843931979
id_4,2003-02-02,0.18837063348049338
id_7,2003-02-02,0.05778065680015698
id_4,2003-02-09,0.4830737228135857
id_7,2003-02-09,0.10863948616891567
id_4,2003-02-16,0.39593978481545067
id_7,2003-02-16,0.37144914604036067
id_7,2003-02-23,0.09800037714036952
id_4,2003-02-23,0.3378445738221334
id_4,2003-03-02,0.12244473971004971
id_7,2003-03-02,0.1431647734367245
id_4,2003-03-09,0.1082286304721049
id_7,2003-03-09,0.08337079005568132
id_7,2003-03-16,0.08634834307752465
id_4,2003-03-16,0.08302391226062283
id_7,2003-03-23,0.24077667731410285
id_4,2003-03-23,0.4613783051126827
id_4,2003-03-30,0.14703833119158305
id_7,2003-03-30,0.054841531056479265
id_7,2003-04-06,0.1608488092318111
id_4,2003-04-06,0.22654712272443922
id_4,2003-04-13,0.24697891699361174
id_7,2003-04-13,0.2132969547994395
id_4,2003-04-20,0.3890857977251271
id_7,2003-04-20,0.012274058261988796
id_4,2003-04-27,0.42211748077651207
id_7,2003-04-27,0.1941665832372263
id_7,2003-05-04,0.04706121804275848
id_4,2003-05-04,0.0695363505743064
id_7,2003-05-11,0.24678926557308833
id_4,2003-05-11,0.21345218010553685
id_4,2003-05-18,0.4214274439177286
id_7,2003-05-18,0.4128690942785482
id_4,2003-05-25,0.4090166528779192
id_7,2003-05-25,0.4092110810908936
id_4,2003-06-01,0.0512068792262082
id_7,2003-06-01,0.040224257768700256
id_4,2003-06-08,0.0781916744339815
id_7,2003-06-08,0.3006138788372601
id_7,2003-06-15,0.41729319098561823
id_4,2003-06-15,0.1520993457997039
id_7,2003-06-22,0.11898627146731766
id_4,2003-06-22,0.03767953454167017
id_7,2003-06-29,0.38096325572479955
id_4,2003-06-29,0.21233150142029644
id_4,2003-07-06,0.053808852574790955
id_7,2003-07-06,0.44538217322504664
id_4,2003-07-13,0.2841087968349225
id_7,2003-07-13,0.40306207572022207
id_4,2003-07-20,0.12327846990557806
id_7,2003-07-20,0.05365051575775226
id_4,2003-07-27,0.29821653267481135
id_7,2003-07-27,0.004529999761192449
id_7,2003-08-03,0.09586205496092282
id_4,2003-08-03,0.058762821451818825
id_4,2003-08-10,0.4879419342092667
id_7,2003-08-10,0.13523867047331162
id_4,2003-08-17,0.4662806019286702
id_7,2003-08-17,0.30809149530797975
id_4,2003-08-24,0.1958984692823329
id_7,2003-08-24,0.1921365876211592
id_7,2003-08-31,0.35170351533073674
id_4,2003-08-31,0.12108929706304272
id_4,2003-09-07,0.1251991064267864
id_7,2003-09-07,0.1765374802608043
id_4,2003-09-14,0.24169676760119602
id_7,2003-09-14,0.07721271232730015
id_4,2003-09-21,0.019996400950358484
id_7,2003-09-21,0.15634492174301756
id_4,2003-09-28,0.3198525530375635
id_7,2003-09-28,0.4421621131945675
id_4,2003-10-05,0.2041514541698724
id_7,2003-10-05,0.4792661721225324
id_7,2003-10-12,0.10375636703368424
id_4,2003-10-12,0.18870328629444366
id_4,2003-10-19,0.4046824857445992
id_7,2003-10-19,0.39423419351222067
id_4,2003-10-26,0.354517730091645
id_5,2003-10-26,0.2594949601932159
id_7,2003-10-26,0.13667436826993534
id_7,2003-11-02,0.44356577171570377
id_4,2003-11-02,0.477166907696346
id_5,2003-11-02,0.03303713192583596
id_7,2003-11-09,0.08277280639812773
id_5,2003-11-09,0.2362068945855365
id_4,2003-11-09,0.17596812024784536
id_4,2003-11-16,0.44877138232470276
id_5,2003-11-16,0.21912797348585178
id_7,2003-11-16,0.33297995934702845
id_4,2003-11-23,0.38498359312504443
id_5,2003-11-23,0.10139802059349762
id_7,2003-11-23,0.04210563235659126
id_5,2003-11-30,0.21179381835715222
id_7,2003-11-30,0.48694666198693476
id_4,2003-11-30,0.17871232579735652
id_4,2003-12-07,0.3108327182266289
id_5,2003-12-07,0.17887894204016935
id_7,2003-12-07,0.3503166723202714
id_4,2003-12-14,0.1442849788258478
id_5,2003-12-14,0.08184213057582423
id_7,2003-12-14,0.4209078697025426
id_5,2003-12-21,0.22068707166624307
id_4,2003-12-21,0.43719995853742116
id_7,2003-12-21,0.28333466968151727
id_4,2003-12-28,0.056213658606155625
id_5,2003-12-28,0.13139997816224452
id_7,2003-12-28,0.2384006819644301
id_4,2004-01-04,0.10621718064702051
id_5,2004-01-04,0.2610312103411322
id_7,2004-01-04,0.31094119569718254
id_4,2004-01-11,0.09151664603996057
id_5,2004-01-11,0.01758002985809709
id_7,2004-01-11,0.264370755849724
id_7,2004-01-18,0.2346921775725765
id_4,2004-01-18,0.20151300120214433
id_5,2004-01-18,0.4531157098936421
id_4,2004-01-25,0.37261648001606457
id_5,2004-01-25,0.40818215275992803
id_7,2004-01-25,0.3797251257288214
id_7,2004-02-01,0.08910047746963407
id_4,2004-02-01,0.26345372452609017
id_5,2004-02-01,0.2762906662552523
id_5,2004-02-08,0.42590429137862157
id_7,2004-02-08,0.08558602407757926
id_4,2004-02-08,0.24383816176910378
id_4,2004-02-15,0.00027298244849782716
id_5,2004-02-15,0.48119753690540024
id_7,2004-02-15,0.2159213253248531
id_4,2004-02-22,0.21270086267752736
id_5,2004-02-22,0.05526114702633028
id_7,2004-02-22,0.160373958022473
id_7,2004-02-29,0.03706225895651205
id_5,2004-02-29,0.3154159042049019
id_4,2004-02-29,0.031776887418079214
id_4,2004-03-07,0.10412662606074191
id_5,2004-03-07,0.4989970004678293
id_7,2004-03-07,0.4222352462093672
id_4,2004-03-14,0.4661969694802472
id_5,2004-03-14,0.49394458466676305
id_7,2004-03-14,0.3858014033471749
id_5,2004-03-21,0.3016614961453723
id_7,2004-03-21,0.2719607499014924
id_4,2004-03-21,0.1076991021716191
id_7,2004-03-28,0.4896622686321845
id_5,2004-03-28,0.06401043522540834
id_4,2004-03-28,0.42916881931713124
id_4,2004-04-04,0.4014466857806671
id_5,2004-04-04,0.2915964154952641
id_7,2004-04-04,0.03630003327380266
id_4,2004-04-11,0.07957311847112142
id_5,2004-04-11,0.0010323177872108569
id_7,2004-04-11,0.3833346505139375
id_7,2004-04-18,0.1331851958045484
id_5,2004-04-18,0.09945566733342981
id_4,2004-04-18,0.3028559786351394
id_4,2004-04-25,0.05783093595250666
id_5,2004-04-25,0.47806157977998
id_7,2004-04-25,0.1842994599717877
id_4,2004-05-02,0.36394407918475574
id_5,2004-05-02,0.16522028630142194
id_7,2004-05-02,0.10963969260153378
id_5,2004-05-09,0.3191950528884743
id_7,2004-05-09,0.3945189457309326
id_4,2004-05-09,0.3187311386861033
id_4,2004-05-16,0.40596928084550965
id_5,2004-05-16,0.14042974731612134
id_7,2004-05-16,0.072120051010783
id_4,2004-05-23,0.23969227469459403
id_5,2004-05-23,0.4739109435557948
id_7,2004-05-23,0.420008348867639
id_5,2004-05-30,0.3642793649747434
id_7,2004-05-30,0.33078882411491695
id_4,2004-05-30,0.45743154391669144
id_4,2004-06-06,0.024674473394219854
id_5,2004-06-06,0.1648255787907063
id_7,2004-06-06,0.029511622634557366
id_4,2004-06-13,0.14644428251350733
id_5,2004-06-13,0.3958807105901854
id_7,2004-06-13,0.4054908658000767
id_4,2004-06-20,0.3575262987325835
id_5,2004-06-20,0.054082762238168824
id_7,2004-06-20,0.3138778580814897
id_5,2004-06-27,0.1961594700327297
id_7,2004-06-27,0.45249115978917076
id_4,2004-06-27,0.20905460587400043
id_4,2004-07-04,0.08647567713557819
id_5,2004-07-04,0.11060906386579616
id_7,2004-07-04,0.3743611532043191
id_4,2004-07-11,0.053605372714273014
id_5,2004-07-11,0.34186322363802313
id_7,2004-07-11,0.2805604637148874
id_5,2004-07-18,0.05122314088596519
id_7,2004-07-18,0.4182735903095989
id_4,2004-07-18,0.4086695557308107
id_4,2004-07-25,0.23657148923282212
id_5,2004-07-25,0.19851291614133704
id_7,2004-07-25,0.13902511915061105
id_5,2004-08-01,0.1383248651045948
id_4,2004-08-01,0.4411418359595537
id_9,2004-08-01,0.3541801335182984
id_7,2004-08-01,0.2734750309222818
id_9,2004-08-08,0.1963794729522364
id_5,2004-08-08,0.2531714596619021
id_7,2004-08-08,0.14680840990170507
id_4,2004-08-08,0.366644567158363
id_4,2004-08-15,0.2048631028153718
id_5,2004-08-15,0.17494884025193946
id_7,2004-08-15,0.48410219554525435
id_9,2004-08-15,0.01463547005052207
id_7,2004-08-22,0.11309815042100319
id_4,2004-08-22,0.18675550707784183
id_5,2004-08-22,0.3532052888335055
id_9,2004-08-22,0.21747760951343897
id_9,2004-08-29,0.45413654320770713
id_7,2004-08-29,0.007869119835231253
id_4,2004-08-29,0.25781917332562587
id_5,2004-08-29,0.012288512153483033
id_7,2004-09-05,0.1629274210018981
id_4,2004-09-05,0.4445299765948643
id_5,2004-09-05,0.31699346065295375
id_9,2004-09-05,0.20451075579643735
id_4,2004-09-12,0.36863928985708394
id_5,2004-09-12,0.11528564484691001
id_9,2004-09-12,0.1661244582213735
id_7,2004-09-12,0.25125469848490234
id_7,2004-09-19,0.014181467115037538
id_5,2004-09-19,0.13435451437842466
id_9,2004-09-19,0.4947625414725136
id_4,2004-09-19,0.002576482134511615
id_4,2004-09-26,0.3470789256845628
id_5,2004-09-26,0.4001278017917618
id_7,2004-09-26,0.2796241500169537
id_9,2004-09-26,0.3222077821185066
id_9,2004-10-03,0.18299901323559042
id_4,2004-10-03,0.45975370345291033
id_5,2004-10-03,0.4777841969902104
id_7,2004-10-03,0.4371413874756151
id_9,2004-10-10,0.051009765681903685
id_7,2004-10-10,0.35236609720833506
id_5,2004-10-10,0.1582751050135433
id_4,2004-10-10,0.3552278797522458
id_9,2004-10-17,0.3939247224732106
id_4,2004-10-17,0.08850289078374796
id_5,2004-10-17,0.41340263518453785
id_7,2004-10-17,0.31148416148915214
id_7,2004-10-24,0.47798087535412564
id_5,2004-10-24,0.05199541898561655
id_9,2004-10-24,0.3540374667438788
id_4,2004-10-24,0.24175906371372935
id_9,2004-10-31,0.46095789962428246
id_7,2004-10-31,0.4791396669210529
id_4,2004-10-31,0.0701580089617097
id_5,2004-10-31,0.3169908265036916
id_4,2004-11-07,0.17949763916981604
id_5,2004-11-07,0.3755161497674594
id_7,2004-11-07,0.4121332348516143
id_9,2004-11-07,0.10863781501400416
id_9,2004-11-14,0.05746217499411599
id_4,2004-11-14,0.46855852097025885
id_5,2004-11-14,0.07798896401722827
id_7,2004-11-14,0.3038709236929255
id_4,2004-11-21,0.46165265377935416
id_5,2004-11-21,0.21300119383478028
id_6,2004-11-21,0.012595144645253076
id_7,2004-11-21,0.24388227974885335
id_9,2004-11-21,0.3620362632045318
id_5,2004-11-28,0.4463535821244908
id_9,2004-11-28,0.10169792099934782
id_6,2004-11-28,0.4493188342041331
id_4,2004-11-28,0.14141842608804145
id_7,2004-11-28,0.006658056623233655
id_9,2004-12-05,0.08805191889474806
id_6,2004-12-05,0.2685850639743537
id_7,2004-12-05,0.3031309531132707
id_4,2004-12-05,0.16981552208309958
id_5,2004-12-05,0.05178923172418609
id_4,2004-12-12,0.30010643406564697
id_5,2004-12-12,0.009048179100737574
id_6,2004-12-12,0.10009494410422809
id_7,2004-12-12,0.49454403767842686
id_9,2004-12-12,0.15990366769803604
id_3,2004-12-12,0.2961152093809184
id_3,2004-12-19,0.4483805791122049
id_4,2004-12-19,0.48159864763019
id_5,2004-12-19,0.29529268952396687
id_6,2004-12-19,0.33682663479231767
id_7,2004-12-19,0.4090505250120145
id_9,2004-12-19,0.4084125707392188
id_9,2004-12-26,0.2697683025548154
id_7,2004-12-26,0.17030232194217598
id_5,2004-12-26,0.21776577026546673
id_6,2004-12-26,0.32211158896491
id_4,2004-12-26,0.07390066703269521
id_3,2004-12-26,0.20336667291787414
id_3,2005-01-02,0.2760391383459854
id_4,2005-01-02,0.12845832184333456
id_5,2005-01-02,0.39934462444195135
id_6,2005-01-02,0.06104280341823359
id_7,2005-01-02,0.07602351252221101
id_9,2005-01-02,0.022925177551140485
id_3,2005-01-09,0.13582638380307294
id_4,2005-01-09,0.4367784136453857
id_5,2005-01-09,0.4617277691020533
id_6,2005-01-09,0.12980011674880976
id_7,2005-01-09,0.39202930723357704
id_9,2005-01-09,0.2319473373296586
id_9,2005-01-16,0.3419898056832376
id_7,2005-01-16,0.37196891031587076
id_3,2005-01-16,0.2277220747250135
id_5,2005-01-16,0.14957682227190805
id_4,2005-01-16,0.24594611585417225
id_6,2005-01-16,0.03003898215662898
id_3,2005-01-23,0.20085676768979932
id_4,2005-01-23,0.44948054611351584
id_5,2005-01-23,0.19420205858455264
id_6,2005-01-23,0.10493023693507098
id_7,2005-01-23,0.48352339598966154
id_9,2005-01-23,0.26918421923450786
id_7,2005-01-30,0.4374211809696694
id_6,2005-01-30,0.06615283742653144
id_9,2005-01-30,0.286225109078278
id_4,2005-01-30,0.09275894876158813
id_3,2005-01-30,0.12420673254148551
id_5,2005-01-30,0.24313604316465742
id_3,2005-02-06,0.2529331919126542
id_4,2005-02-06,0.26633429373568035
id_5,2005-02-06,0.29407573021764966
id_6,2005-02-06,0.09661814623727805
id_7,2005-02-06,0.2778313126362037
id_9,2005-02-06,0.11238866419633231
id_3,2005-02-13,0.1551904129899057
id_4,2005-02-13,0.16313481632468618
id_5,2005-02-13,0.49192691484080836
id_6,2005-02-13,0.3427335729565585
id_7,2005-02-13,0.05064212348237107
id_9,2005-02-13,0.42386966579767404
id_3,2005-02-20,0.18651743194037373
id_5,2005-02-20,0.34866512541502576
id_6,2005-02-20,0.024749872130533868
id_7,2005-02-20,0.24175032919198003
id_9,2005-02-20,0.28069935879556207
id_4,2005-02-20,0.15827127994623802
id_7,2005-02-27,0.1568475270111585
id_6,2005-02-27,0.05092730762410824
id_9,2005-02-27,0.3566230065203383
id_4,2005-02-27,0.22343848197309957
id_3,2005-02-27,0.26248522112713213
id_5,2005-02-27,0.1947742536727844
id_3,2005-03-06,0.37529751146449375
id_4,2005-03-06,0.21653872455063422
id_5,2005-03-06,0.13188384322523106
id_6,2005-03-06,0.06708681903914382
id_7,2005-03-06,0.2562042410124199
id_9,2005-03-06,0.49093210850665125
id_7,2005-03-13,0.1508507873198266
id_6,2005-03-13,0.158270560479067
id_9,2005-03-13,0.21409932883726607
id_4,2005-03-13,0.1786734398389772
id_5,2005-03-13,0.47231285921106203
id_3,2005-03-13,0.16675373289563766
id_3,2005-03-20,0.4620793833103818
id_4,2005-03-20,0.4574853851578093
id_5,2005-03-20,0.0677742165542532
id_6,2005-03-20,0.14937515542597046
id_7,2005-03-20,0.4309114959877979
id_9,2005-03-20,0.44053330633825427
id_9,2005-03-27,0.003640506970562507
id_7,2005-03-27,0.4221635069914111
id_5,2005-03-27,0.360132926252379
id_4,2005-03-27,0.3658720927164464
id_3,2005-03-27,0.4311592734179512
id_6,2005-03-27,0.1275318926583197
id_3,2005-04-03,0.02434514798776427
id_4,2005-04-03,0.36377349566576483
id_5,2005-04-03,0.46269751264622033
id_6,2005-04-03,0.37526832671620813
id_7,2005-04-03,0.15773257858352796
id_9,2005-04-03,0.01670364630756005
id_9,2005-04-10,0.29513996086440847
id_7,2005-04-10,0.2997906731869975
id_3,2005-04-10,0.12682126212841138
id_5,2005-04-10,0.3323327932672193
id_4,2005-04-10,0.1449567247959777
id_6,2005-04-10,0.4990113938790503
id_4,2005-04-17,0.2888547121584202
id_5,2005-04-17,0.21152722008306057
id_6,2005-04-17,0.2669889618143979
id_7,2005-04-17,0.21509042881952706
id_9,2005-04-17,0.15572469777110032
id_3,2005-04-17,0.22306775632960096
id_3,2005-04-24,0.05231394437123704
id_4,2005-04-24,0.389589716650917
id_5,2005-04-24,0.099495469962742
id_6,2005-04-24,0.47210135895697103
id_7,2005-04-24,0.4545463785142816
id_9,2005-04-24,0.12413828350985012
id_0,2005-05-01,0.32294705653332806
id_4,2005-05-01,0.39779518427160654
id_5,2005-05-01,0.18373766112596362
id_6,2005-05-01,0.19830505606303234
id_7,2005-05-01,0.09368045071316139
id_9,2005-05-01,0.13896767860447928
id_3,2005-05-01,0.17423799451674854
id_5,2005-05-08,0.35343590471006103
id_0,2005-05-08,0.21879360563134626
id_3,2005-05-08,0.37004876280884125
id_7,2005-05-08,0.34886420089247966
id_9,2005-05-08,0.15920146730529378
id_6,2005-05-08,0.05334122340135672
id_4,2005-05-08,0.17226523037715613
id_9,2005-05-15,0.36447384807171146
id_7,2005-05-15,0.4851876639186083
id_0,2005-05-15,0.4458865003910399
id_5,2005-05-15,0.3247671120876484
id_4,2005-05-15,0.3854363782843239
id_3,2005-05-15,0.34025724057141293
id_6,2005-05-15,0.20438691473491866
id_9,2005-05-22,0.28459798611547227
id_7,2005-05-22,0.08763775978154509
id_0,2005-05-22,0.48183138025051464
id_5,2005-05-22,0.46398808329917895
id_4,2005-05-22,0.3679469484038665
id_3,2005-05-22,0.3111922142830024
id_6,2005-05-22,0.14806388670734666
id_0,2005-05-29,0.19172075941288885
id_3,2005-05-29,0.3552642013611728
id_4,2005-05-29,0.07075324281095013
id_5,2005-05-29,0.43343045682968745
id_6,2005-05-29,0.24670348114458907
id_7,2005-05-29,0.1009832142121016
id_9,2005-05-29,0.3945179862796667
id_9,2005-06-05,0.41509828991752595
id_7,2005-06-05,0.34686166933611395
id_0,2005-06-05,0.3958625190413323
id_5,2005-06-05,0.4080753761331842
id_3,2005-06-05,0.10246184347985088
id_4,2005-06-05,0.4329727342832386
id_6,2005-06-05,0.3285218384582116
id_0,2005-06-12,0.26444745987645224
id_3,2005-06-12,0.17084905743236606
id_4,2005-06-12,0.2206607350902054
id_5,2005-06-12,0.45572543767538115
id_6,2005-06-12,0.2305251095762041
id_7,2005-06-12,0.38957696226245697
id_9,2005-06-12,0.42146742965064105
id_9,2005-06-19,0.20732207458744378
id_7,2005-06-19,0.24527452739696637
id_5,2005-06-19,0.1381685763685247
id_4,2005-06-19,0.24320522444433273
id_3,2005-06-19,0.33812124113873143
id_0,2005-06-19,0.28402228054696615
id_6,2005-06-19,0.4675802560389128
id_0,2005-06-26,0.4627983191463305
id_3,2005-06-26,0.43961738151566354
id_4,2005-06-26,0.22418458944899866
id_5,2005-06-26,0.18476177006982475
id_6,2005-06-26,0.44238241114968996
id_7,2005-06-26,0.30484323257356066
id_9,2005-06-26,0.2106366981582054
id_9,2005-07-03,0.463132940070292
id_7,2005-07-03,0.10634120440591438
id_6,2005-07-03,0.3509887975830986
id_5,2005-07-03,0.1899469518930087
id_0,2005-07-03,0.03551802909894347
id_3,2005-07-03,0.2718390269140476
id_4,2005-07-03,0.28392300073875376
id_0,2005-07-10,0.043564649850770354
id_3,2005-07-10,0.1413498254727683
id_4,2005-07-10,0.31058462368352735
id_5,2005-07-10,0.28022529435489013
id_6,2005-07-10,0.24484245618227457
id_7,2005-07-10,0.23830711428366302
id_9,2005-07-10,0.33088179730220524
id_9,2005-07-17,0.040233591989569384
id_7,2005-07-17,0.056035940437457576
id_3,2005-07-17,0.015117629002991295
id_5,2005-07-17,0.3341091147713855
id_4,2005-07-17,0.2490897828814717
id_0,2005-07-17,0.01010919872016286
id_6,2005-07-17,0.06584364090722844
id_9,2005-07-24,0.27109347704623415
id_7,2005-07-24,0.16071096263783236
id_3,2005-07-24,0.3551684144871067
id_5,2005-07-24,0.14335834152019716
id_4,2005-07-24,0.4333942716295478
id_0,2005-07-24,0.416309922773969
id_6,2005-07-24,0.1985068333888167
id_0,2005-07-31,0.38907837547492524
id_3,2005-07-31,0.003942051754220188
id_4,2005-07-31,0.3138673780976422
id_5,2005-07-31,0.009731233654650173
id_6,2005-07-31,0.35220076970058684
id_7,2005-07-31,0.14238985251547714
id_9,2005-07-31,0.1780036298174535
id_9,2005-08-07,0.49371749485818156
id_7,2005-08-07,0.22231268005121002
id_3,2005-08-07,0.18633953491049776
id_5,2005-08-07,0.19961119182895465
id_0,2005-08-07,0.4350060741234096
id_4,2005-08-07,0.20071397465275997
id_6,2005-08-07,0.1424427602768656
id_0,2005-08-14,0.489309171116382
id_3,2005-08-14,0.2652686072813909
id_4,2005-08-14,0.20834587845435548
id_5,2005-08-14,0.15426397977720024
id_6,2005-08-14,0.051994038771710216
id_7,2005-08-14,0.46506318112184847
id_9,2005-08-14,0.006827703231146287
id_9,2005-08-21,0.306090436535279
id_7,2005-08-21,0.0906338310739212
id_5,2005-08-21,0.47109235950902395
id_4,2005-08-21,0.4054193075644757
id_3,2005-08-21,0.4610557308835965
id_0,2005-08-21,0.3995792821083618
id_6,2005-08-21,0.45394922875531407
id_0,2005-08-28,0.23073968112646592
id_3,2005-08-28,0.044747272516450054
id_4,2005-08-28,0.17409597137326005
id_5,2005-08-28,0.44413252027202177
id_6,2005-08-28,0.3545254049077723
id_7,2005-08-28,0.20069412331236025
id_9,2005-08-28,0.36181154719942904
id_9,2005-09-04,0.1444533856786776
id_7,2005-09-04,0.30779860955482236
id_3,2005-09-04,0.20297116098414186
id_5,2005-09-04,0.4301553391717098
id_6,2005-09-04,0.3076382133175486
id_4,2005-09-04,0.10572739789120678
id_0,2005-09-04,0.39026458814322773
id_0,2005-09-11,0.05913721293446661
id_3,2005-09-11,0.012156599855078887
id_4,2005-09-11,0.029691594002894617
id_5,2005-09-11,0.3264998804726215
id_6,2005-09-11,0.3962494528044583
id_7,2005-09-11,0.47327854303700084
id_9,2005-09-11,0.48682075912826606
id_9,2005-09-18,0.42976831351085565
id_7,2005-09-18,0.06657409576788409
id_3,2005-09-18,0.17130549217079516
id_5,2005-09-18,0.17214458234946944
id_4,2005-09-18,0.4380134239602871
id_0,2005-09-18,0.3199605106637619
id_6,2005-09-18,0.41782301879173783
id_9,2005-09-25,0.4578264204929062
id_7,2005-09-25,0.45893830849655676
id_3,2005-09-25,0.31111552941989745
id_5,2005-09-25,0.27442463369965236
id_4,2005-09-25,0.45927322559517497
id_0,2005-09-25,0.0716766437045232
id_6,2005-09-25,0.24172949908551167
id_0,2005-10-02,0.47233445852479194
id_3,2005-10-02,0.1395339741142992
id_4,2005-10-02,0.06006009108173799
id_5,2005-10-02,0.40761252035818635
id_6,2005-10-02,0.44059412570472
id_7,2005-10-02,0.04052689431703077
id_9,2005-10-02,0.00961602967577424
id_9,2005-10-09,0.2849360756574045
id_7,2005-10-09,0.2403706985801322
id_3,2005-10-09,0.10487497482781755
id_5,2005-10-09,0.04930518436140552
id_0,2005-10-09,0.26092416087503584
id_4,2005-10-09,0.16723687074805743
id_6,2005-10-09,0.4582095053505527
id_0,2005-10-16,0.2073309699952618
id_3,2005-10-16,0.05785161666354682
id_4,2005-10-16,0.08768603475762193
id_5,2005-10-16,0.40053744012765236
id_6,2005-10-16,0.1357755477123907
id_7,2005-10-16,0.2272949336152414
id_9,2005-10-16,0.14732512097727335
id_9,2005-10-23,0.42451431746783147
id_7,2005-10-23,0.10480136443859778
id_5,2005-10-23,0.02058989566406083
id_4,2005-10-23,0.057949234412939865
id_3,2005-10-23,0.2885701220101709
id_0,2005-10-23,0.13227780605231348
id_6,2005-10-23,0.30377267989539714
id_0,2005-10-30,0.38711684471710833
id_3,2005-10-30,0.347635002952343
id_4,2005-10-30,0.4499333715000151
id_5,2005-10-30,0.40821051560717786
id_6,2005-10-30,0.2632920144102346
id_7,2005-10-30,0.17372983405792375
id_9,2005-10-30,0.3164248284574812
id_9,2005-11-06,0.26943850216055487
id_7,2005-11-06,0.22708263417419905
id_4,2005-11-06,0.02843862957267773
id_5,2005-11-06,0.40378190207993675
id_3,2005-11-06,0.33597857029791117
id_0,2005-11-06,0.22807516610827427
id_6,2005-11-06,0.2689728895759512
id_0,2005-11-13,0.28421697443432425
id_3,2005-11-13,0.4744305103602537
id_4,2005-11-13,0.4902428317345034
id_5,2005-11-13,0.025503654414377908
id_6,2005-11-13,0.468831546982281
id_7,2005-11-13,0.4326057314553146
id_9,2005-11-13,0.05729408483780285
id_9,2005-11-20,0.2701114023930954
id_7,2005-11-20,0.4775320726867799
id_6,2005-11-20,0.1525943513465145
id_4,2005-11-20,0.04822543034869209
id_3,2005-11-20,0.0013516069467513492
id_0,2005-11-20,0.009394900218177571
id_5,2005-11-20,0.31358035573092913
id_0,2005-11-27,0.30881774853793853
id_3,2005-11-27,0.323598326947018
id_4,2005-11-27,0.43173532459679287
id_5,2005-11-27,0.2512265371564486
id_6,2005-11-27,0.4917169891172881
id_7,2005-11-27,0.2594628393185826
id_9,2005-11-27,0.31595207317821333
id_7,2005-12-04,0.43504989514721093
id_9,2005-12-04,0.47795615465510227
id_5,2005-12-04,0.08490975158585734
id_4,2005-12-04,0.28325305349458135
id_0,2005-12-04,0.3060478613612107
id_3,2005-12-04,0.3001961185488198
id_6,2005-12-04,0.45106560740211604
id_0,2005-12-11,0.30846699843737846
id_3,2005-12-11,0.2943698049851441
id_4,2005-12-11,0.18395874390893668
id_5,2005-12-11,0.07418946883868782
id_6,2005-12-11,0.22936144430675132
id_7,2005-12-11,0.3040857928383897
id_9,2005-12-11,0.29252550521193477
id_9,2005-12-18,0.4837003008728272
id_7,2005-12-18,0.17454367099383772
id_5,2005-12-18,0.3866295630335116
id_4,2005-12-18,0.17117118831257894
id_3,2005-12-18,0.4813851599201212
id_0,2005-12-18,0.4718740392573121
id_6,2005-12-18,0.4087266318090831
id_0,2005-12-25,0.3409101495517417
id_3,2005-12-25,0.008435836685019849
id_4,2005-12-25,0.37868207161885437
id_5,2005-12-25,0.28384637441842203
id_6,2005-12-25,0.3845234971600703
id_7,2005-12-25,0.09709710380673453
id_9,2005-12-25,0.48080305780333105
id_0,2006-01-01,0.179753950286893
id_3,2006-01-01,0.34824121535072505
id_4,2006-01-01,0.1572866475021436
id_6,2006-01-01,0.3389474848092606
id_5,2006-01-01,0.49149956745826623
id_9,2006-01-01,0.32510016791679874
id_7,2006-01-01,0.2065673858913824
id_9,2006-01-08,0.25295399205904434
id_7,2006-01-08,0.2614121414619239
id_4,2006-01-08,0.3286594583085709
id_5,2006-01-08,0.49112388864417206
id_3,2006-01-08,0.4068393248509317
id_0,2006-01-08,0.21851597689967073
id_6,2006-01-08,0.15991694469157713
id_0,2006-01-15,0.34881559796363243
id_3,2006-01-15,0.25490359831079207
id_4,2006-01-15,0.25866304175804006
id_5,2006-01-15,0.4963334967321332
id_6,2006-01-15,0.09822549591047697
id_7,2006-01-15,0.02222169412977809
id_9,2006-01-15,0.23301087191302466
id_9,2006-01-22,0.4451892805578913
id_7,2006-01-22,0.07292058293542536
id_0,2006-01-22,0.030112735814634917
id_5,2006-01-22,0.059307759182882946
id_4,2006-01-22,0.24248282257903525
id_3,2006-01-22,0.16698243479840458
id_6,2006-01-22,0.3357638483828791
id_9,2006-01-29,0.014128341485878382
id_7,2006-01-29,0.30009221199072
id_0,2006-01-29,0.33338335772283384
id_5,2006-01-29,0.46912806848198113
id_4,2006-01-29,0.4505810853245808
id_3,2006-01-29,0.39542008161370246
id_6,2006-01-29,0.4214866482005421
id_0,2006-02-05,0.3353189348090797
id_3,2006-02-05,0.048621462816212324
id_4,2006-02-05,0.2773225293101298
id_5,2006-02-05,0.1222848045102814
id_6,2006-02-05,0.00812639433868484
id_7,2006-02-05,0.11250079733858104
id_9,2006-02-05,0.05690409901178578
id_9,2006-02-12,0.05103586455957593
id_7,2006-02-12,0.4186631880406487
id_0,2006-02-12,0.10519128053692045
id_5,2006-02-12,0.229106129879306
id_4,2006-02-12,0.41343080152434747
id_3,2006-02-12,0.22101781886496263
id_6,2006-02-12,0.32140168765425603
id_0,2006-02-19,0.06446314882742665
id_3,2006-02-19,0.2599761872854191
id_4,2006-02-19,0.3627867670507447
id_5,2006-02-19,0.37870327791086295
id_6,2006-02-19,0.22143651231110623
id_7,2006-02-19,0.1634711248870953
id_9,2006-02-19,0.3784676625605274
id_9,2006-02-26,0.16982551192626738
id_7,2006-02-26,0.05241710362662544
id_6,2006-02-26,0.4490438775634918
id_4,2006-02-26,0.019278623029499176
id_3,2006-02-26,0.34697820546727376
id_0,2006-02-26,0.15771417546209193
id_5,2006-02-26,0.10181046603861599
id_0,2006-03-05,0.1818553854713113
id_3,2006-03-05,0.04544286601620473
id_4,2006-03-05,0.3865550262527096
id_5,2006-03-05,0.28315580277716496
id_6,2006-03-05,0.16073646542710263
id_7,2006-03-05,0.041765294277658516
id_9,2006-03-05,0.3189842723703505
id_9,2006-03-12,0.3018914519212828
id_7,2006-03-12,0.4685615102658898
id_0,2006-03-12,0.2850983852089398
id_5,2006-03-12,0.09290837411299785
id_3,2006-03-12,0.11387975076893048
id_6,2006-03-12,0.23709240613181087
id_4,2006-03-12,0.10843512504552033
id_3,2006-03-19,0.20515078134506282
id_4,2006-03-19,0.45157482342578575
id_5,2006-03-19,0.05236805334064665
id_6,2006-03-19,0.25738355201759316
id_7,2006-03-19,0.059010155620939586
id_9,2006-03-19,0.19291398487126582
id_0,2006-03-19,0.21930075673116017
id_9,2006-03-26,0.2657838611211993
id_7,2006-03-26,0.07045488208103001
id_4,2006-03-26,0.021462095304416007
id_3,2006-03-26,0.3116473365100653
id_0,2006-03-26,0.4941869190296131
id_5,2006-03-26,0.058279306214799265
id_6,2006-03-26,0.07021976068552649
id_0,2006-04-02,0.051022405374014035
id_3,2006-04-02,0.44348039060870875
id_4,2006-04-02,0.16653601723715938
id_5,2006-04-02,0.1788195174241094
id_6,2006-04-02,0.3564461513494532
id_7,2006-04-02,0.4313330289663765
id_9,2006-04-02,0.32256926678583003
id_7,2006-04-09,0.127144065138672
id_9,2006-04-09,0.47047516493906916
id_6,2006-04-09,0.4152381725604798
id_4,2006-04-09,0.049866473617377005
id_3,2006-04-09,0.30941308412068824
id_0,2006-04-09,0.10443837804741735
id_5,2006-04-09,0.0023274184185917424
id_0,2006-04-16,0.08065475894249813
id_3,2006-04-16,0.06673073546746722
id_4,2006-04-16,0.23779455854242187
id_5,2006-04-16,0.21242696060084476
id_6,2006-04-16,0.02895463844813012
id_7,2006-04-16,0.33297570537720805
id_9,2006-04-16,0.2878170364304907
id_9,2006-04-23,0.30718375588415714
id_7,2006-04-23,0.4083628435149457
id_6,2006-04-23,0.14569441026845137
id_4,2006-04-23,0.4100112179348759
id_3,2006-04-23,0.4902900663936412
id_0,2006-04-23,0.3265541627326992
id_5,2006-04-23,0.3320985525405745
id_0,2006-04-30,0.12664580126989106
id_3,2006-04-30,0.43589286737774646
id_4,2006-04-30,0.14909367983153204
id_5,2006-04-30,0.20084409250199436
id_6,2006-04-30,0.019022340767528956
id_7,2006-04-30,0.30359032006509606
id_9,2006-04-30,0.033927908851887734
id_9,2006-05-07,0.476107907380056
id_7,2006-05-07,0.4787442717239247
id_4,2006-05-07,0.0754674486555208
id_5,2006-05-07,0.04289730025991756
id_6,2006-05-07,0.4782720523441212
id_0,2006-05-07,0.23315538642815314
id_3,2006-05-07,0.251360380572662
id_3,2006-05-14,0.4611739908983165
id_4,2006-05-14,0.1651335178484496
id_5,2006-05-14,0.03134443101182027
id_6,2006-05-14,0.3335844103519118
id_7,2006-05-14,0.3544414496304207
id_9,2006-05-14,0.2640409639546931
id_0,2006-05-14,0.12221279600080137
id_9,2006-05-21,0.4006367099299609
id_6,2006-05-21,0.48210020972739076
id_7,2006-05-21,0.05637575495182917
id_4,2006-05-21,0.406940070960318
id_3,2006-05-21,0.2706903968785679
id_2,2006-05-21,0.13105907461983912
id_0,2006-05-21,0.07948479182275986
id_5,2006-05-21,0.13905825638243086
id_0,2006-05-28,0.05518757058215257
id_2,2006-05-28,0.22807028340023983
id_3,2006-05-28,0.46165303394458157
id_4,2006-05-28,0.07019197889967344
id_5,2006-05-28,0.08465634527180038
id_6,2006-05-28,0.2657471391656539
id_7,2006-05-28,0.27920501327293995
id_9,2006-05-28,0.025145531573694535
id_7,2006-06-04,0.35909326304459194
id_6,2006-06-04,0.40103426194780695
id_9,2006-06-04,0.2104550678685455
id_4,2006-06-04,0.1136812245387509
id_3,2006-06-04,0.4149486843016716
id_0,2006-06-04,0.3281647947326367
id_2,2006-06-04,0.3416406677738402
id_5,2006-06-04,0.4825474866089847
id_0,2006-06-11,0.0690914756743069
id_2,2006-06-11,0.3478127228194286
id_3,2006-06-11,0.48414320514714865
id_4,2006-06-11,0.03442598224668697
id_5,2006-06-11,0.0756151124870425
id_6,2006-06-11,0.18720699193987
id_7,2006-06-11,0.4009786201867226
id_9,2006-06-11,0.1284877295763508
id_9,2006-06-18,0.13348794934429498
id_7,2006-06-18,0.013160667642045765
id_6,2006-06-18,0.17690951628632046
id_5,2006-06-18,0.4027312187024983
id_3,2006-06-18,0.4598914053890792
id_2,2006-06-18,0.14175942329108332
id_0,2006-06-18,0.09829118084002675
id_4,2006-06-18,0.35285502199480384
id_0,2006-06-25,0.18436258533048205
id_2,2006-06-25,0.18996347795006024
id_3,2006-06-25,0.01801690871428474
id_4,2006-06-25,0.1976166217681684
id_5,2006-06-25,0.2930539708705724
id_6,2006-06-25,0.18913390855256634
id_7,2006-06-25,0.3594394576357122
id_9,2006-06-25,0.3957268649804647
id_7,2006-07-02,0.41284041050972475
id_9,2006-07-02,0.3119333626344268
id_6,2006-07-02,0.3289310668632141
id_2,2006-07-02,0.09057548086845152
id_4,2006-07-02,0.155419988571658
id_5,2006-07-02,0.2846434599921472
id_0,2006-07-02,0.41049661492396755
id_3,2006-07-02,0.08738600208046998
id_2,2006-07-09,0.39427275615325935
id_3,2006-07-09,0.19456733855059288
id_4,2006-07-09,0.35931319517057597
id_5,2006-07-09,0.2560403579618923
id_6,2006-07-09,0.1797265755108261
id_7,2006-07-09,0.37341690546767825
id_9,2006-07-09,0.21987265592142402
id_0,2006-07-09,0.048550637896530635
id_9,2006-07-16,0.005292869793196708
id_7,2006-07-16,0.25617457282779904
id_6,2006-07-16,0.4501837258021128
id_3,2006-07-16,0.4760713486477104
id_4,2006-07-16,0.16798877117012762
id_2,2006-07-16,0.02842403821662015
id_0,2006-07-16,0.41897245374940195
id_5,2006-07-16,0.48588153805697554
id_7,2006-07-23,0.22901048154440146
id_6,2006-07-23,0.49163743252507763
id_9,2006-07-23,0.48246397147276493
id_4,2006-07-23,0.363885636607209
id_3,2006-07-23,0.1500144597379648
id_2,2006-07-23,0.34849862086249367
id_5,2006-07-23,0.1819223875458189
id_0,2006-07-23,0.048049203946981534
id_9,2006-07-30,0.4810116266778619
id_7,2006-07-30,0.2747092916499079
id_6,2006-07-30,0.015213257668502955
id_2,2006-07-30,0.3893476979705517
id_4,2006-07-30,0.40759969765715676
id_3,2006-07-30,0.08023382194380052
id_5,2006-07-30,0.3939578754769381
id_0,2006-07-30,0.4882297325066979
id_7,2006-08-06,0.352321849413301
id_6,2006-08-06,0.09681164520124824
id_9,2006-08-06,0.10877610514001923
id_3,2006-08-06,0.44315233304327994
id_2,2006-08-06,0.3887037809243766
id_0,2006-08-06,0.2343256008238508
id_5,2006-08-06,0.2776470537334798
id_4,2006-08-06,0.10883142172886923
id_0,2006-08-13,0.48838054409516857
id_2,2006-08-13,0.12971128217267747
id_3,2006-08-13,0.22319720774160146
id_4,2006-08-13,0.48690934842299166
id_5,2006-08-13,0.19781683381286308
id_6,2006-08-13,0.056124996293693
id_7,2006-08-13,0.4614571453162427
id_9,2006-08-13,0.020673186158278345
id_9,2006-08-20,0.2650996815059511
id_0,2006-08-20,0.302422759872523
id_2,2006-08-20,0.18690656896628072
id_3,2006-08-20,0.45393779717716304
id_4,2006-08-20,0.08117897395633339
id_5,2006-08-20,0.47773296665289045
id_6,2006-08-20,0.02118202354572163
id_7,2006-08-20,0.3085176053205625
id_2,2006-08-27,0.2937998175981945
id_3,2006-08-27,0.08011523316007163
id_4,2006-08-27,0.14542045332837128
id_0,2006-08-27,0.36963178969915084
id_5,2006-08-27,0.29915798468234356
id_6,2006-08-27,0.11387049667364324
id_7,2006-08-27,0.4439171531417348
id_9,2006-08-27,0.47570540730820376
id_0,2006-09-03,0.019593896127160337
id_2,2006-09-03,0.1364109512122335
id_3,2006-09-03,0.33055875575404975
id_4,2006-09-03,0.08989764541677081
id_5,2006-09-03,0.05945847107300678
id_6,2006-09-03,0.22339666018454057
id_7,2006-09-03,0.3506284237228637
id_9,2006-09-03,0.45519792288246747
id_7,2006-09-10,0.03416818871942379
id_9,2006-09-10,0.2923314319446983
id_5,2006-09-10,0.2087696004984283
id_4,2006-09-10,0.17275282817816723
id_6,2006-09-10,0.4184951826443419
id_2,2006-09-10,0.18542639960894436
id_0,2006-09-10,0.1414034812882048
id_3,2006-09-10,0.2201318764147459
id_9,2006-09-17,0.1517744253268536
id_7,2006-09-17,0.2504140950008109
id_5,2006-09-17,0.3907908638408038
id_4,2006-09-17,0.2400304439103778
id_6,2006-09-17,0.11091201525499805
id_2,2006-09-17,0.09852714009281982
id_0,2006-09-17,0.06009828060658445
id_3,2006-09-17,0.0382433845151427
id_7,2006-09-24,0.14324317415762117
id_0,2006-09-24,0.14807009876107247
id_2,2006-09-24,0.2299279418780037
id_3,2006-09-24,0.3482315723262503
id_4,2006-09-24,0.26108793450105955
id_5,2006-09-24,0.3468735116196069
id_6,2006-09-24,0.24697262783110063
id_9,2006-09-24,0.16498044188459798
id_7,2006-10-01,0.14258746406628614
id_9,2006-10-01,0.4489567757430138
id_6,2006-10-01,0.4648093697233772
id_5,2006-10-01,0.4581701649182871
id_3,2006-10-01,0.12369937776957685
id_2,2006-10-01,0.022306150627057042
id_0,2006-10-01,0.05936385947712203
id_4,2006-10-01,0.426803021148136
id_0,2006-10-08,0.158991589696988
id_2,2006-10-08,0.399897942285309
id_3,2006-10-08,0.019807761289758863
id_4,2006-10-08,0.4447239544079333
id_5,2006-10-08,0.12968869207076011
id_6,2006-10-08,0.33360735339333747
id_7,2006-10-08,0.1779637756079921
id_9,2006-10-08,0.24589201781778847
id_9,2006-10-15,0.0655581144835728
id_7,2006-10-15,0.1573663860002379
id_5,2006-10-15,0.3790968581769119
id_4,2006-10-15,0.11005193039045319
id_6,2006-10-15,0.39903950987799874
id_2,2006-10-15,0.038478223493316366
id_0,2006-10-15,0.20713149725733498
id_3,2006-10-15,0.02997214912478663
id_9,2006-10-22,0.12421273798680366
id_7,2006-10-22,0.2893049900585501
id_5,2006-10-22,0.22993760369726046
id_4,2006-10-22,0.3114470160928762
id_6,2006-10-22,0.2754969850927431
id_2,2006-10-22,0.259417574415763
id_0,2006-10-22,0.03207374817439218
id_3,2006-10-22,0.03053926853339367
id_7,2006-10-29,0.3418007501767785
id_0,2006-10-29,0.3462360596850099
id_2,2006-10-29,0.15340504977259806
id_3,2006-10-29,0.45386647874251973
id_4,2006-10-29,0.055748028649357795
id_5,2006-10-29,0.2868048734834077
id_6,2006-10-29,0.490233229420315
id_9,2006-10-29,0.13839745073374954
id_6,2006-11-05,0.2943310773407371
id_5,2006-11-05,0.4775233405031415
id_7,2006-11-05,0.13437469353836773
id_4,2006-11-05,0.22948493009103416
id_9,2006-11-05,0.06177334246595467
id_2,2006-11-05,0.28877147441568773
id_0,2006-11-05,0.2833007271032876
id_3,2006-11-05,0.3699419589145505
id_5,2006-11-12,0.4896431599945887
id_9,2006-11-12,0.23152219076064567
id_7,2006-11-12,0.06488131128419067
id_6,2006-11-12,0.02275535698129577
id_4,2006-11-12,0.16116676902330906
id_3,2006-11-12,0.44903117860686753
id_2,2006-11-12,0.47971667041671257
id_0,2006-11-12,0.1326947454697227
id_0,2006-11-19,0.26162402673334983
id_2,2006-11-19,0.32278512222800193
id_3,2006-11-19,0.3362911556482607
id_4,2006-11-19,0.1582503727268032
id_5,2006-11-19,0.4307954819627818
id_6,2006-11-19,0.09899139996989742
id_7,2006-11-19,0.02940436046723105
id_9,2006-11-19,0.4580254541374955
id_9,2006-11-26,0.33439127149613046
id_7,2006-11-26,0.2878764225152761
id_5,2006-11-26,0.17954854386514812
id_4,2006-11-26,0.2412921208560505
id_6,2006-11-26,0.20238681447857398
id_2,2006-11-26,0.01768121787774546
id_0,2006-11-26,0.04697025537922084
id_3,2006-11-26,0.2644699645154416
id_9,2006-12-03,0.03623696212442806
id_7,2006-12-03,0.0930650831665012
id_6,2006-12-03,0.30063858628688817
id_4,2006-12-03,0.3649138177646338
id_5,2006-12-03,0.4438504178636599
id_2,2006-12-03,0.21520121975403061
id_0,2006-12-03,0.28797324777808964
id_3,2006-12-03,0.15222318217368913
id_9,2006-12-10,0.002747408904581361
id_6,2006-12-10,0.38596543370447994
id_0,2006-12-10,0.46464809878810703
id_2,2006-12-10,0.2550084261591251
id_3,2006-12-10,0.4989811256643367
id_4,2006-12-10,0.03459132939619475
id_5,2006-12-10,0.3193045888207065
id_7,2006-12-10,0.004623997111849687
id_7,2006-12-17,0.46387653966185205
id_4,2006-12-17,0.43958666884370223
id_9,2006-12-17,0.13812383373462717
id_6,2006-12-17,0.20654306295194313
id_5,2006-12-17,0.21499839023535655
id_2,2006-12-17,0.268088747351726
id_3,2006-12-17,0.18109452946969468
id_0,2006-12-17,0.15928447622566183
id_0,2006-12-24,0.33370518998184084
id_2,2006-12-24,0.34069625530191894
id_3,2006-12-24,0.23532447460695477
id_4,2006-12-24,0.36740688731528054
id_5,2006-12-24,0.017871341250241868
id_6,2006-12-24,0.35502915250784434
id_7,2006-12-24,0.2685702095416203
id_9,2006-12-24,0.1813464673969702
id_9,2006-12-31,0.3883748345233879
id_7,2006-12-31,0.04622409012348638
id_5,2006-12-31,0.3850640620957911
id_4,2006-12-31,0.08824969444453007
id_6,2006-12-31,0.3949347515545625
id_2,2006-12-31,0.13879804886588304
id_0,2006-12-31,0.06589893120219609
id_3,2006-12-31,0.18912258746173088
id_9,2007-01-07,0.4835027619651833
id_7,2007-01-07,0.42146055606374266
id_6,2007-01-07,0.1586300986249914
id_4,2007-01-07,0.4695804545436852
id_5,2007-01-07,0.2510527903620565
id_2,2007-01-07,0.0644302827331601
id_0,2007-01-07,0.35816360205928277
id_3,2007-01-07,0.4897634646677293
id_6,2007-01-14,0.48963512001790926
id_9,2007-01-14,0.19378358671177182
id_0,2007-01-14,0.14470304647360055
id_2,2007-01-14,0.19633783827354717
id_3,2007-01-14,0.08732919269750289
id_4,2007-01-14,0.2531561120116943
id_5,2007-01-14,0.3930942497325304
id_7,2007-01-14,0.49160136914505903
id_6,2007-01-21,0.3248282476179178
id_9,2007-01-21,0.34334501490843056
id_5,2007-01-21,0.37401139967163494
id_7,2007-01-21,0.2243003310088586
id_4,2007-01-21,0.49990428905848266
id_3,2007-01-21,0.16399400045403983
id_2,2007-01-21,0.4782028613979744
id_0,2007-01-21,0.09159568100355842
id_9,2007-01-28,0.4974509536764816
id_4,2007-01-28,0.09862973715036882
id_5,2007-01-28,0.39678368402417596
id_3,2007-01-28,0.3401743330075008
id_7,2007-01-28,0.021244804119079086
id_0,2007-01-28,0.2932564674050416
id_2,2007-01-28,0.09356544587542237
id_6,2007-01-28,0.4404990303930656
id_3,2007-02-04,0.03160380916931532
id_4,2007-02-04,0.2674540991916007
id_5,2007-02-04,0.15032557934838342
id_6,2007-02-04,0.27796884440430336
id_7,2007-02-04,0.05877297037803175
id_9,2007-02-04,0.3728332919375072
id_2,2007-02-04,0.4519919774641185
id_0,2007-02-04,0.010053773093746776
id_9,2007-02-11,0.31809477454292223
id_7,2007-02-11,0.19082687332271608
id_6,2007-02-11,0.37080155357616185
id_4,2007-02-11,0.1451240212799642
id_3,2007-02-11,0.3036246870057705
id_2,2007-02-11,0.2719029750386632
id_0,2007-02-11,0.41447001460868155
id_5,2007-02-11,0.4003992995338155
id_7,2007-02-18,0.4427613187244385
id_9,2007-02-18,0.039037427089152144
id_6,2007-02-18,0.3852720308081827
id_3,2007-02-18,0.23882325143820804
id_4,2007-02-18,0.15208677869462328
id_2,2007-02-18,0.2284557108228829
id_0,2007-02-18,0.002347738096273533
id_5,2007-02-18,0.27442316423308366
id_0,2007-02-25,0.33890826839811505
id_2,2007-02-25,0.4410207051149448
id_3,2007-02-25,0.14199998838105055
id_4,2007-02-25,0.2955326904169951
id_5,2007-02-25,0.2366631002245716
id_6,2007-02-25,0.4541241896172895
id_7,2007-02-25,0.07401933963888102
id_9,2007-02-25,0.16160760059736512
id_9,2007-03-04,0.45669607922857847
id_6,2007-03-04,0.07517487843568516
id_7,2007-03-04,0.41199504700134776
id_4,2007-03-04,0.46085953343541664
id_0,2007-03-04,0.13500398659608243
id_3,2007-03-04,0.119206640462029
id_2,2007-03-04,0.22930198088429293
id_5,2007-03-04,0.33756295691037846
id_0,2007-03-11,0.36759701106129744
id_2,2007-03-11,0.36208381830577163
id_3,2007-03-11,0.25725637164937837
id_4,2007-03-11,0.4026319277895875
id_5,2007-03-11,0.010679341469174153
id_6,2007-03-11,0.27914171208462424
id_7,2007-03-11,0.007488130109509716
id_9,2007-03-11,0.10050274084045285
id_9,2007-03-18,0.42179517963660407
id_7,2007-03-18,0.2286943493929055
id_6,2007-03-18,0.21418925655292814
id_0,2007-03-18,0.4810942725587191
id_4,2007-03-18,0.36197069925066294
id_3,2007-03-18,0.18396379026852067
id_2,2007-03-18,0.199512660851551
id_5,2007-03-18,0.05115840794379711
id_7,2007-03-25,0.32219857047528405
id_9,2007-03-25,0.34816184254025273
id_6,2007-03-25,0.46157951058687013
id_0,2007-03-25,0.12437657175997902
id_4,2007-03-25,0.2795868910508511
id_3,2007-03-25,0.22825994563132768
id_2,2007-03-25,0.45202219645047886
id_5,2007-03-25,0.146088682583761
id_0,2007-04-01,0.28807866720891845
id_2,2007-04-01,0.3450125100956137
id_3,2007-04-01,0.16873869088211996
id_4,2007-04-01,0.46114925183372385
id_5,2007-04-01,0.4914950549789198
id_6,2007-04-01,0.0525473471244996
id_7,2007-04-01,0.0301897410127982
id_9,2007-04-01,0.18316218541537732
id_7,2007-04-08,0.30738137530824333
id_5,2007-04-08,0.06987288943247749
id_9,2007-04-08,0.2645871348563283
id_3,2007-04-08,0.4852468467979888
id_4,2007-04-08,0.24618070334544206
id_0,2007-04-08,0.2960209656359195
id_6,2007-04-08,0.4912869443404564
id_2,2007-04-08,0.34981102712525836
id_0,2007-04-15,0.2861259528954367
id_2,2007-04-15,0.16386020077855945
id_3,2007-04-15,0.06671971587280201
id_4,2007-04-15,0.4369160891673591
id_5,2007-04-15,0.16529815037960516
id_6,2007-04-15,0.43772566204664815
id_7,2007-04-15,0.47220206073477805
id_9,2007-04-15,0.2714032343764068
id_9,2007-04-22,0.35702689253694314
id_7,2007-04-22,0.08012996006829753
id_6,2007-04-22,0.036913140782124265
id_2,2007-04-22,0.3783893213684446
id_4,2007-04-22,0.4169908219383159
id_3,2007-04-22,0.0484019765891871
id_0,2007-04-22,0.11154081632030916
id_5,2007-04-22,0.025526532345961805
id_7,2007-04-29,0.3648056915176764
id_9,2007-04-29,0.25827797054959806
id_6,2007-04-29,0.24548319277023722
id_2,2007-04-29,0.31803052772357066
id_4,2007-04-29,0.10691767340079328
id_3,2007-04-29,0.17169586439545803
id_0,2007-04-29,0.4763745057584925
id_5,2007-04-29,0.16563444014636314
id_0,2007-05-06,0.22356268930881368
id_2,2007-05-06,0.12001013668985477
id_3,2007-05-06,0.29551345043524563
id_4,2007-05-06,0.3856127314829551
id_5,2007-05-06,0.1601631432554158
id_6,2007-05-06,0.35877975010626295
id_7,2007-05-06,0.3045469489717717
id_9,2007-05-06,0.06653799509208314
id_9,2007-05-13,0.3867273357609563
id_6,2007-05-13,0.3690757728455282
id_7,2007-05-13,0.09255819443961527
id_5,2007-05-13,0.4734035854722611
id_3,2007-05-13,0.32958823592501413
id_2,2007-05-13,0.08026941124262821
id_0,2007-05-13,0.4232043362355639
id_4,2007-05-13,0.006085578471629383
id_7,2007-05-20,0.0031017073546830143
id_6,2007-05-20,0.4532470626189604
id_5,2007-05-20,0.4225770434978602
id_9,2007-05-20,0.2031362484530594
id_3,2007-05-20,0.19862837358402102
id_2,2007-05-20,0.39819573725866586
id_0,2007-05-20,0.34973963765875216
id_4,2007-05-20,0.16141476877404376
id_0,2007-05-27,0.14871847542756683
id_2,2007-05-27,0.47958330151761125
id_3,2007-05-27,0.49963899696108555
id_4,2007-05-27,0.11478372234597489
id_5,2007-05-27,0.19138210962138574
id_6,2007-05-27,0.39993271779115547
id_7,2007-05-27,0.004642225252963539
id_9,2007-05-27,0.48154694510596363
id_7,2007-06-03,0.2660462045860143
id_9,2007-06-03,0.14175689114651718
id_6,2007-06-03,0.15546519017204474
id_0,2007-06-03,0.4068989098512386
id_4,2007-06-03,0.2534314792436567
id_3,2007-06-03,0.1759464980965213
id_2,2007-06-03,0.22906941363002142
id_5,2007-06-03,0.012384529019624335
id_9,2007-06-10,0.1315393901482923
id_7,2007-06-10,0.4713897047805968
id_5,2007-06-10,0.4155155569976891
id_6,2007-06-10,0.2492173929312262
id_3,2007-06-10,0.3607033339799762
id_2,2007-06-10,0.29549208266184246
id_0,2007-06-10,0.19825287042349232
id_4,2007-06-10,0.36842658084039276
id_0,2007-06-17,0.4405515985555808
id_2,2007-06-17,0.4288613220967773
id_3,2007-06-17,0.31879134726539643
id_4,2007-06-17,0.04883818372386206
id_5,2007-06-17,0.3302680885722701
id_6,2007-06-17,0.350892881467927
id_9,2007-06-17,0.1667536978375913
id_7,2007-06-17,0.3221493137328062
id_0,2007-06-24,0.29063643631792935
id_2,2007-06-24,0.22861172667692853
id_3,2007-06-24,0.4065269316237303
id_4,2007-06-24,0.2574611009683842
id_5,2007-06-24,0.07618224182565486
id_6,2007-06-24,0.06921842068217571
id_7,2007-06-24,0.35714992314687183
id_9,2007-06-24,0.28615850797931275
id_9,2007-07-01,0.44743487010049116
id_7,2007-07-01,0.24693274346026856
id_6,2007-07-01,0.09699539880009866
id_2,2007-07-01,0.4759372384163681
id_4,2007-07-01,0.4692060108471928
id_3,2007-07-01,0.48811283172691
id_0,2007-07-01,0.4408676809274264
id_5,2007-07-01,0.4980356355050936
id_7,2007-07-08,0.2909444713172849
id_9,2007-07-08,0.0881408200700074
id_6,2007-07-08,0.2405212240549363
id_2,2007-07-08,0.2878755810224362
id_4,2007-07-08,0.11432327549147275
id_3,2007-07-08,0.4448968282227701
id_0,2007-07-08,0.34626579503888294
id_5,2007-07-08,0.050116718712061525
id_0,2007-07-15,0.36262713990982026
id_2,2007-07-15,0.4103835603506575
id_3,2007-07-15,0.3822809871788543
id_4,2007-07-15,0.33857057205571206
id_5,2007-07-15,0.43355727079683143
id_6,2007-07-15,0.14912289935275636
id_7,2007-07-15,0.06318376266530173
id_9,2007-07-15,0.1398393987996101
id_7,2007-07-22,0.4384103102003154
id_9,2007-07-22,0.2908399215739309
id_5,2007-07-22,0.1471330820648445
id_6,2007-07-22,0.43127962489204746
id_0,2007-07-22,0.25066219096335113
id_3,2007-07-22,0.3491242389091453
id_2,2007-07-22,0.4544218592063692
id_4,2007-07-22,0.2964401353905788
id_0,2007-07-29,0.47804181736161194
id_2,2007-07-29,0.4077619093842844
id_3,2007-07-29,0.1677490848379498
id_4,2007-07-29,0.005031847828046665
id_5,2007-07-29,0.21767673316257852
id_6,2007-07-29,0.293138660760309
id_7,2007-07-29,0.38039631433340093
id_9,2007-07-29,0.22716712108075754
id_9,2007-08-05,0.22366144362786267
id_6,2007-08-05,0.17433259885918384
id_5,2007-08-05,0.3977282633881573
id_7,2007-08-05,0.4990994764223048
id_3,2007-08-05,0.07384278910335368
id_2,2007-08-05,0.07970723172447797
id_0,2007-08-05,0.3219950996148187
id_4,2007-08-05,0.23791309792861137
id_9,2007-08-12,0.41036713104820327
id_6,2007-08-12,0.42441651280220505
id_5,2007-08-12,0.33875417799700513
id_7,2007-08-12,0.14886147377781067
id_3,2007-08-12,0.03131800152990488
id_2,2007-08-12,0.3144492195308502
id_4,2007-08-12,0.35438519547052433
id_0,2007-08-12,0.21192752427908984
id_9,2007-08-19,0.4619391512556806
id_0,2007-08-19,0.3031966070639622
id_2,2007-08-19,0.19921712930983854
id_3,2007-08-19,0.12095085210074241
id_4,2007-08-19,0.0219877160120453
id_5,2007-08-19,0.46893218722201957
id_6,2007-08-19,0.4024392242771194
id_7,2007-08-19,0.11350888589802893
id_6,2007-08-26,0.49917743854963476
id_9,2007-08-26,0.24065348303494094
id_5,2007-08-26,0.3105701627301916
id_7,2007-08-26,0.06258082898067147
id_3,2007-08-26,0.2161407405906493
id_2,2007-08-26,0.03135647601167285
id_0,2007-08-26,0.009596599154666763
id_4,2007-08-26,0.43976074151186506
id_7,2007-09-02,0.4821048783080224
id_6,2007-09-02,0.4236538441668674
id_5,2007-09-02,0.048905080739526374
id_9,2007-09-02,0.3436758977236369
id_3,2007-09-02,0.26099813681499123
id_4,2007-09-02,0.26004070831783654
id_0,2007-09-02,0.15078740833727466
id_2,2007-09-02,0.21201612594492097
id_2,2007-09-09,0.12934203344470385
id_3,2007-09-09,0.3865417770274358
id_4,2007-09-09,0.01533052416285896
id_5,2007-09-09,0.44218018162097517
id_6,2007-09-09,0.20722826740283984
id_7,2007-09-09,0.3904425923140118
id_9,2007-09-09,0.40052935551369695
id_0,2007-09-09,0.3300867687463425
id_7,2007-09-16,0.08316230685981935
id_5,2007-09-16,0.38457776249429554
id_9,2007-09-16,0.25918320519358196
id_6,2007-09-16,0.06374944088499424
id_3,2007-09-16,0.4793704615282965
id_2,2007-09-16,0.4245191542142554
id_0,2007-09-16,0.14503880360522203
id_4,2007-09-16,0.1122068059604201
id_9,2007-09-23,0.14715820447686767
id_7,2007-09-23,0.27634323555410695
id_6,2007-09-23,0.42032045410023894
id_5,2007-09-23,0.355935225446661
id_3,2007-09-23,0.05866024019240551
id_2,2007-09-23,0.016652313273348096
id_1,2007-09-23,0.10775383855677922
id_0,2007-09-23,0.30900771449942077
id_4,2007-09-23,0.4768378482136565
id_9,2007-09-30,0.3190422988611419
id_7,2007-09-30,0.20688410403363838
id_6,2007-09-30,0.02987895898019699
id_5,2007-09-30,0.026866773676867683
id_3,2007-09-30,0.05350207009689578
id_2,2007-09-30,0.4794913609317368
id_1,2007-09-30,0.4736852952444621
id_0,2007-09-30,0.21438435047288307
id_4,2007-09-30,0.29115986652602766
id_9,2007-10-07,0.2925545501530296
id_7,2007-10-07,0.0757430039030964
id_6,2007-10-07,0.1751356036724271
id_0,2007-10-07,0.06773703211122512
id_4,2007-10-07,0.05373628388440227
id_3,2007-10-07,0.2948473615067754
id_2,2007-10-07,0.1776844242359648
id_5,2007-10-07,0.198111372330872
id_1,2007-10-07,0.3654279033850789
id_7,2007-10-14,0.08103649251498274
id_6,2007-10-14,0.4598689903856369
id_5,2007-10-14,0.08371790972976961
id_9,2007-10-14,0.4507814098698052
id_3,2007-10-14,0.3726990369736465
id_2,2007-10-14,0.17835344520127144
id_1,2007-10-14,0.12697082129751291
id_4,2007-10-14,0.14377225114028075
id_0,2007-10-14,0.14914116297801538
id_7,2007-10-21,0.48173499737259284
id_6,2007-10-21,0.48038323672255034
id_5,2007-10-21,0.4109519542039345
id_9,2007-10-21,0.026203518384928015
id_2,2007-10-21,0.008164251341853945
id_1,2007-10-21,0.10665598868374099
id_0,2007-10-21,0.28498245535063244
id_4,2007-10-21,0.2283518129302421
id_3,2007-10-21,0.42407519017349243
id_0,2007-10-28,0.2954363806240866
id_1,2007-10-28,0.2591003569653316
id_2,2007-10-28,0.09261616261809197
id_3,2007-10-28,0.46791604010839427
id_4,2007-10-28,0.010475034633865232
id_5,2007-10-28,0.3502643114089314
id_6,2007-10-28,0.3202822967606092
id_7,2007-10-28,0.1524820914788611
id_9,2007-10-28,0.4550656935667334
id_1,2007-11-04,0.012831359027265787
id_0,2007-11-04,0.2871626244247894
id_2,2007-11-04,0.20062975040180436
id_3,2007-11-04,0.491713121130321
id_4,2007-11-04,0.2058077568068794
id_5,2007-11-04,0.44153879865956763
id_6,2007-11-04,0.34432415849185677
id_7,2007-11-04,0.4707196458419716
id_9,2007-11-04,0.2672160140826798
id_9,2007-11-11,0.007838058024956962
id_7,2007-11-11,0.0378053365325422
id_6,2007-11-11,0.021227244362761244
id_5,2007-11-11,0.48328755346208196
id_2,2007-11-11,0.46464570865135696
id_3,2007-11-11,0.19990084611226294
id_1,2007-11-11,0.1037350377205547
id_0,2007-11-11,0.3266004099285668
id_4,2007-11-11,0.24472931771734907
id_5,2007-11-18,0.3873738070962493
id_9,2007-11-18,0.17235108938389404
id_7,2007-11-18,0.2304015211465953
id_4,2007-11-18,0.1218389376406161
id_6,2007-11-18,0.25724017054477394
id_2,2007-11-18,0.04980746511063566
id_3,2007-11-18,0.19016759176378656
id_1,2007-11-18,0.21234273437575313
id_0,2007-11-18,0.32605163500084444
id_7,2007-11-25,0.06480952425838005
id_6,2007-11-25,0.2734340894031706
id_5,2007-11-25,0.49711654161038105
id_4,2007-11-25,0.2943195001459933
id_9,2007-11-25,0.3621667819376599
id_2,2007-11-25,0.47265076673953976
id_1,2007-11-25,0.18708499016711277
id_0,2007-11-25,0.21570921771698698
id_3,2007-11-25,0.07390433834863619
id_9,2007-12-02,0.24421654396791648
id_7,2007-12-02,0.0023936926205860853
id_6,2007-12-02,0.17005037306205556
id_5,2007-12-02,0.3073849430721494
id_4,2007-12-02,0.3766200597960884
id_2,2007-12-02,0.4347442652733161
id_1,2007-12-02,0.23178771218240535
id_0,2007-12-02,0.4482732979255315
id_3,2007-12-02,0.3424672193417797
id_6,2007-12-09,0.03429841737694217
id_9,2007-12-09,0.4900795187204962
id_7,2007-12-09,0.2768830368530383
id_5,2007-12-09,0.018564801945723908
id_0,2007-12-09,0.18378093502394827
id_3,2007-12-09,0.32838097922041853
id_2,2007-12-09,0.2270811984537759
id_1,2007-12-09,0.13881435314736595
id_4,2007-12-09,0.11791711205281774
id_9,2007-12-16,0.21130503691552427
id_7,2007-12-16,0.05694705240568171
id_6,2007-12-16,0.114453799862197
id_5,2007-12-16,0.00712575757514794
id_4,2007-12-16,0.31024995013999385
id_3,2007-12-16,0.43103129792560363
id_2,2007-12-16,0.16335044088413003
id_1,2007-12-16,0.2933921732290844
id_0,2007-12-16,0.2179324626328134
id_7,2007-12-23,0.36101226546683984
id_9,2007-12-23,0.1633176148130039
id_5,2007-12-23,0.17105193760189435
id_4,2007-12-23,0.3198111214818708
id_6,2007-12-23,0.17899196843059817
id_2,2007-12-23,0.11637206463952843
id_1,2007-12-23,0.4319278029616157
id_0,2007-12-23,0.44596167750783605
id_3,2007-12-23,0.04862899739382032
id_9,2007-12-30,0.41083596721478405
id_7,2007-12-30,0.3490581878534498
id_5,2007-12-30,0.41173585953376857
id_4,2007-12-30,0.4742701505644205
id_6,2007-12-30,0.2175709932581648
id_2,2007-12-30,0.3072323532384372
id_1,2007-12-30,0.05876592798101654
id_0,2007-12-30,0.4030969945230429
id_3,2007-12-30,0.2488884539126709
id_7,2008-01-06,0.08816645373224458
id_0,2008-01-06,0.35194429177018316
id_1,2008-01-06,0.2586895535770571
id_2,2008-01-06,0.01653729573775281
id_3,2008-01-06,0.29054096483603153
id_4,2008-01-06,0.3891380836482219
id_5,2008-01-06,0.4330673531623655
id_6,2008-01-06,0.2954633627667846
id_9,2008-01-06,0.2739533496790157
id_0,2008-01-13,0.05011344365615056
id_2,2008-01-13,0.007803032223414108
id_3,2008-01-13,0.1207785200199592
id_4,2008-01-13,0.424172634895003
id_5,2008-01-13,0.48040626441133893
id_6,2008-01-13,0.3611957593491182
id_7,2008-01-13,0.4708710716327583
id_9,2008-01-13,0.34116328953127945
id_1,2008-01-13,0.06603405317257666
id_9,2008-01-20,0.40285116901933876
id_7,2008-01-20,0.3605217042162448
id_6,2008-01-20,0.15881593663697308
id_5,2008-01-20,0.0325607342744092
id_2,2008-01-20,0.21439786124911892
id_3,2008-01-20,0.08451270306458064
id_1,2008-01-20,0.35842984059629684
id_0,2008-01-20,0.4597413068723368
id_4,2008-01-20,0.24520995421813757
id_6,2008-01-27,0.16447687995949156
id_9,2008-01-27,0.33571377306281014
id_5,2008-01-27,0.022285555493832043
id_7,2008-01-27,0.14898513207846498
id_3,2008-01-27,0.42979041820981073
id_2,2008-01-27,0.0340370369873601
id_0,2008-01-27,0.3571206497745557
id_1,2008-01-27,0.19802985140364687
id_4,2008-01-27,0.09267429348969142
id_9,2008-02-03,0.21120374738433229
id_7,2008-02-03,0.3546168819753953
id_6,2008-02-03,0.009845821361851859
id_5,2008-02-03,0.45664179818351686
id_4,2008-02-03,0.4979076464798175
id_3,2008-02-03,0.029267461117779392
id_2,2008-02-03,0.12597049412304645
id_1,2008-02-03,0.2827106559292545
id_0,2008-02-03,0.49942350328393326
id_9,2008-02-10,0.06239822394715033
id_7,2008-02-10,0.365965138840768
id_6,2008-02-10,0.020437430047009153
id_5,2008-02-10,0.1525233491814308
id_0,2008-02-10,0.07472415232899687
id_3,2008-02-10,0.23531045195903644
id_2,2008-02-10,0.11058045767304192
id_1,2008-02-10,0.09163991810703931
id_4,2008-02-10,0.0646778805193498
id_9,2008-02-17,0.29012408328565026
id_6,2008-02-17,0.1289108471542682
id_7,2008-02-17,0.1711131656254803
id_5,2008-02-17,0.27899370030481635
id_1,2008-02-17,0.07242387967168862
id_3,2008-02-17,0.05791700065044264
id_2,2008-02-17,0.12659559686142596
id_0,2008-02-17,0.4340630286841071
id_4,2008-02-17,0.2357286596771327
id_0,2008-02-24,0.08124646733818741
id_1,2008-02-24,0.24402814032447728
id_2,2008-02-24,0.06552761560762888
id_3,2008-02-24,0.22852938066568368
id_4,2008-02-24,0.0340465496210533
id_5,2008-02-24,0.49122244150035493
id_6,2008-02-24,0.37012249883747833
id_7,2008-02-24,0.1877942812307296
id_9,2008-02-24,0.4487166633646298
id_9,2008-03-02,0.20944621325920748
id_6,2008-03-02,0.3141569151869561
id_5,2008-03-02,0.20022426736796167
id_7,2008-03-02,0.17955325382665005
id_3,2008-03-02,0.48998116317115464
id_2,2008-03-02,0.006018111448827135
id_1,2008-03-02,0.1778063689249778
id_0,2008-03-02,0.3077797821419221
id_4,2008-03-02,0.47192542867540976
id_9,2008-03-09,0.45536261742142026
id_6,2008-03-09,0.38489451033891736
id_5,2008-03-09,0.33293569915491994
id_7,2008-03-09,0.30830922177603703
id_3,2008-03-09,0.2118531767277364
id_2,2008-03-09,0.05774214856937404
id_1,2008-03-09,0.4702159726264065
id_0,2008-03-09,0.061909991424720756
id_4,2008-03-09,0.4824624704242198
id_0,2008-03-16,0.4240041146611172
id_1,2008-03-16,0.38266262690348263
id_2,2008-03-16,0.30924012975637394
id_3,2008-03-16,0.42856245875228366
id_4,2008-03-16,0.3596945310019868
id_5,2008-03-16,0.20043978181599265
id_6,2008-03-16,0.38445971810741086
id_7,2008-03-16,0.4502050732700897
id_9,2008-03-16,0.251763909891201
id_9,2008-03-23,0.3104207812212383
id_0,2008-03-23,0.40365947936250535
id_1,2008-03-23,0.37433180992527365
id_2,2008-03-23,0.48712810640902515
id_3,2008-03-23,0.058657782091596944
id_4,2008-03-23,0.17499642181508446
id_5,2008-03-23,0.38409733223138987
id_6,2008-03-23,0.4282837338346506
id_7,2008-03-23,0.08659661811429381
id_5,2008-03-30,0.2638573627864329
id_9,2008-03-30,0.41649423802782143
id_7,2008-03-30,0.4375998049181592
id_6,2008-03-30,0.3601596329934418
id_4,2008-03-30,0.12719120055881217
id_1,2008-03-30,0.4518598698729667
id_2,2008-03-30,0.49517250078044694
id_0,2008-03-30,0.28455036930729666
id_3,2008-03-30,0.13562603838093207
id_9,2008-04-06,0.28229855482036076
id_5,2008-04-06,0.11876156899317486
id_7,2008-04-06,0.013826578252671251
id_6,2008-04-06,0.4895054595004114
id_4,2008-04-06,0.1326516622685237
id_1,2008-04-06,0.041711217721009275
id_2,2008-04-06,0.2045270476865308
id_0,2008-04-06,0.20359164861299983
id_3,2008-04-06,0.20189637033366725
id_9,2008-04-13,0.04548466964778175
id_5,2008-04-13,0.1356530506292331
id_7,2008-04-13,0.3301692979891112
id_4,2008-04-13,0.06364701271003737
id_6,2008-04-13,0.4494126096509087
id_2,2008-04-13,0.08147721302330269
id_1,2008-04-13,0.2760962349612033
id_0,2008-04-13,0.034583497727569024
id_3,2008-04-13,0.19990607000466537
id_9,2008-04-20,0.49048970040019757
id_6,2008-04-20,0.2933585831116171
id_7,2008-04-20,0.2072194365948471
id_4,2008-04-20,0.26290447653836146
id_5,2008-04-20,0.12902960626920362
id_2,2008-04-20,0.31938087868326465
id_3,2008-04-20,0.33569173933507657
id_1,2008-04-20,0.29223803447788443
id_0,2008-04-20,0.3487143865722818
id_7,2008-04-27,0.3956407761162469
id_6,2008-04-27,0.29407883524558587
id_5,2008-04-27,0.2661601641292804
id_4,2008-04-27,0.07090863785073875
id_9,2008-04-27,0.12292465095641686
id_2,2008-04-27,0.24515267327436857
id_1,2008-04-27,0.4809681892736145
id_0,2008-04-27,0.22677134133903443
id_3,2008-04-27,0.17235906368775383
id_9,2008-05-04,0.3552526643150993
id_7,2008-05-04,0.3605990564654515
id_6,2008-05-04,0.017133520176114747
id_5,2008-05-04,0.35159450800783215
id_4,2008-05-04,0.15836533327672814
id_3,2008-05-04,0.3568834342050082
id_1,2008-05-04,0.14607376339627443
id_0,2008-05-04,0.36102779973517396
id_2,2008-05-04,0.49470488864221573
id_9,2008-05-11,0.25255671930886936
id_5,2008-05-11,0.47463995002157106
id_7,2008-05-11,0.240053903572592
id_6,2008-05-11,0.49926328885417715
id_4,2008-05-11,0.31335323797955245
id_2,2008-05-11,0.0326521035758901
id_1,2008-05-11,0.12041438995772341
id_0,2008-05-11,0.4331911629643146
id_3,2008-05-11,0.31959344961269626
id_0,2008-05-18,0.4877607525014429
id_1,2008-05-18,0.05014697113274891
id_2,2008-05-18,0.39161721915690656
id_3,2008-05-18,0.19958057262738654
id_4,2008-05-18,0.3637718047953749
id_5,2008-05-18,0.34704368754148995
id_6,2008-05-18,0.06578799868307089
id_7,2008-05-18,0.32193201836129837
id_9,2008-05-18,0.23938631840885405
id_9,2008-05-25,0.12197040943344573
id_6,2008-05-25,0.370173598315796
id_7,2008-05-25,0.2508865653499726
id_5,2008-05-25,0.3905964219811953
id_4,2008-05-25,0.012136352311030607
id_2,2008-05-25,0.14419924866574696
id_1,2008-05-25,0.008214814795737102
id_0,2008-05-25,0.4279016711963055
id_3,2008-05-25,0.21588006382715963
id_9,2008-06-01,0.36107538285005203
id_7,2008-06-01,0.4057592353109416
id_6,2008-06-01,0.41050759756215444
id_5,2008-06-01,0.08446305793228281
id_4,2008-06-01,0.21505799218836996
id_3,2008-06-01,0.30726384990516037
id_2,2008-06-01,0.120709310038287
id_1,2008-06-01,0.46476465839609526
id_0,2008-06-01,0.005857042092500986
id_9,2008-06-08,0.056394132415493625
id_6,2008-06-08,0.1865272646526016
id_5,2008-06-08,0.18703131250366284
id_4,2008-06-08,0.3260622974210695
id_7,2008-06-08,0.238041992984116
id_2,2008-06-08,0.331252285766338
id_1,2008-06-08,0.334958273295455
id_0,2008-06-08,0.17998903223918195
id_3,2008-06-08,0.03502109507232232
id_8,2008-06-15,0.18777467754227128
id_6,2008-06-15,0.09842602733265687
id_9,2008-06-15,0.4952266546807426
id_7,2008-06-15,0.2615779949960379
id_5,2008-06-15,0.20689010992913304
id_0,2008-06-15,0.364995281212029
id_3,2008-06-15,0.41120336917784517
id_2,2008-06-15,0.12303159249548223
id_1,2008-06-15,0.3925764560115689
id_4,2008-06-15,0.4266229880792564
id_8,2008-06-22,0.2840811220904749
id_0,2008-06-22,0.08581483863072026
id_1,2008-06-22,0.14086505287697454
id_2,2008-06-22,0.33292955877959385
id_3,2008-06-22,0.32671058055681845
id_4,2008-06-22,0.2376623911060412
id_5,2008-06-22,0.3431901150002365
id_6,2008-06-22,0.049379943395277515
id_7,2008-06-22,0.12526029320858928
id_9,2008-06-22,0.42268676855360193
id_7,2008-06-29,0.3025215084052362
id_9,2008-06-29,0.26725447000289604
id_6,2008-06-29,0.3743030029147889
id_8,2008-06-29,0.3339885362301089
id_5,2008-06-29,0.1479459881884368
id_2,2008-06-29,0.2586542586011444
id_3,2008-06-29,0.3631712322089176
id_0,2008-06-29,0.26051830310206464
id_4,2008-06-29,0.4846029358588426
id_1,2008-06-29,0.29320508309316334
id_0,2008-07-06,0.027168994169626814
id_1,2008-07-06,0.03197763306049056
id_2,2008-07-06,0.21204449421792465
id_3,2008-07-06,0.2684615005411952
id_5,2008-07-06,0.15164596070983305
id_6,2008-07-06,0.22632676460284784
id_7,2008-07-06,0.15145240433491752
id_8,2008-07-06,0.420415121206125
id_9,2008-07-06,0.21227647802900473
id_4,2008-07-06,0.13281627377072364
id_9,2008-07-13,0.14323231622993382
id_8,2008-07-13,0.2486156984886863
id_5,2008-07-13,0.17794457732043406
id_7,2008-07-13,0.28864200727149103
id_6,2008-07-13,0.3568588795005678
id_4,2008-07-13,0.00675435331335944
id_2,2008-07-13,0.2773439043307095
id_1,2008-07-13,0.24281379796731145
id_0,2008-07-13,0.09999826244820004
id_3,2008-07-13,0.055238555495872366
id_9,2008-07-20,0.25079573547038375
id_8,2008-07-20,0.19601085865258505
id_7,2008-07-20,0.08483905778703493
id_6,2008-07-20,0.4577038244259003
id_5,2008-07-20,0.4051510407716161
id_4,2008-07-20,0.2418764323508681
id_2,2008-07-20,0.14352575995981487
id_1,2008-07-20,0.4887475698722234
id_0,2008-07-20,0.009260897230306986
id_3,2008-07-20,0.20251780664847496
id_9,2008-07-27,0.439708731012084
id_6,2008-07-27,0.07329186807552834
id_8,2008-07-27,0.07198826704769085
id_7,2008-07-27,0.0797345461705794
id_4,2008-07-27,0.12805689751000898
id_5,2008-07-27,0.28879504502167436
id_2,2008-07-27,0.35328735313648946
id_1,2008-07-27,0.4382526226582954
id_0,2008-07-27,0.3968488516787103
id_3,2008-07-27,0.20268679142427803
id_4,2008-08-03,0.4118588360115847
id_0,2008-08-03,0.11196234403019006
id_1,2008-08-03,0.16907947591842282
id_2,2008-08-03,0.207428434666782
id_3,2008-08-03,0.16052149502160845
id_5,2008-08-03,0.037638639916367234
id_6,2008-08-03,0.4595855003618998
id_7,2008-08-03,0.20851487059599677
id_8,2008-08-03,0.40241148249486114
id_9,2008-08-03,0.1375032003503418
id_7,2008-08-10,0.21340975755527042
id_8,2008-08-10,0.35668520270728
id_4,2008-08-10,0.11638633609055604
id_6,2008-08-10,0.20581322975421834
id_9,2008-08-10,0.25026872940156797
id_5,2008-08-10,0.0391230498452344
id_2,2008-08-10,0.18027278024294613
id_3,2008-08-10,0.01497516245237468
id_1,2008-08-10,0.48078507727074926
id_0,2008-08-10,0.17267584034845135
id_8,2008-08-17,0.20433869872734267
id_0,2008-08-17,0.46404064673279544
id_1,2008-08-17,0.11585081323560226
id_2,2008-08-17,0.4143284572778689
id_3,2008-08-17,0.36862712129823866
id_4,2008-08-17,0.15531460914565315
id_5,2008-08-17,0.18564347214124965
id_6,2008-08-17,0.15263350494864453
id_7,2008-08-17,0.13405463245626953
id_9,2008-08-17,0.11727495103351543
id_6,2008-08-24,0.47153113030138954
id_9,2008-08-24,0.16857455683247574
id_5,2008-08-24,0.38329552530307914
id_8,2008-08-24,0.2592161549713347
id_4,2008-08-24,0.39561371550955615
id_7,2008-08-24,0.065798425183345
id_2,2008-08-24,0.46248345597659607
id_1,2008-08-24,0.4746594112078407
id_3,2008-08-24,0.05489222903125035
id_0,2008-08-24,0.3522072009617664
id_9,2008-08-31,0.09513025446166623
id_8,2008-08-31,0.3325914222059444
id_7,2008-08-31,0.019605269606948528
id_6,2008-08-31,0.4953258463031997
id_5,2008-08-31,0.34434171323934026
id_4,2008-08-31,0.35757162601268
id_3,2008-08-31,0.30315406652254256
id_2,2008-08-31,0.023003655443648463
id_1,2008-08-31,0.4706888523532493
id_0,2008-08-31,0.015919464765653923
id_8,2008-09-07,0.0824027949237689
id_9,2008-09-07,0.4952695969605939
id_6,2008-09-07,0.09944610888372407
id_5,2008-09-07,0.3539911773255933
id_4,2008-09-07,0.27902561832863126
id_7,2008-09-07,0.012615913643908072
id_2,2008-09-07,0.11631349641488276
id_1,2008-09-07,0.39960129367619585
id_0,2008-09-07,0.08234707824895637
id_3,2008-09-07,0.3516087482336079
id_9,2008-09-14,0.2857487232312278
id_8,2008-09-14,0.013598897203960125
id_6,2008-09-14,0.32841917347599164
id_5,2008-09-14,0.38360503302704846
id_4,2008-09-14,0.35247403096137975
id_7,2008-09-14,0.13577514500323784
id_2,2008-09-14,0.17425968474628162
id_1,2008-09-14,0.31522396843339556
id_0,2008-09-14,0.31073920074988176
id_3,2008-09-14,0.3173931614668474
id_8,2008-09-21,0.1587518495933427
id_0,2008-09-21,0.2886142943020838
id_1,2008-09-21,0.4371439833124735
id_2,2008-09-21,0.4074832396851237
id_3,2008-09-21,0.4795711259889875
id_4,2008-09-21,0.20931843178501325
id_5,2008-09-21,0.1435763564431647
id_6,2008-09-21,0.05324765688553018
id_7,2008-09-21,0.23092672108096857
id_9,2008-09-21,0.36640756201834773
id_7,2008-09-28,0.3631216406530635
id_9,2008-09-28,0.049124956726018354
id_6,2008-09-28,0.3254570019287529
id_8,2008-09-28,0.29779250981808153
id_5,2008-09-28,0.274128140971044
id_0,2008-09-28,0.11894641068725431
id_3,2008-09-28,0.05164907754256931
id_2,2008-09-28,0.4927457138216488
id_1,2008-09-28,0.14651014225389836
id_4,2008-09-28,0.0026550238073339005
id_9,2008-10-05,0.1830587750371579
id_8,2008-10-05,0.24330304564072935
id_7,2008-10-05,0.23743585035700449
id_6,2008-10-05,0.41365661388792485
id_5,2008-10-05,0.2716763201583848
id_3,2008-10-05,0.4335835795525996
id_2,2008-10-05,0.4844858523351759
id_1,2008-10-05,0.4244717776564591
id_0,2008-10-05,0.4671069989623969
id_4,2008-10-05,0.005677564256096279
id_6,2008-10-12,0.3422492732620338
id_9,2008-10-12,0.44631990152366074
id_8,2008-10-12,0.34627731343156354
id_7,2008-10-12,0.4520254097176409
id_5,2008-10-12,0.36981625058997464
id_4,2008-10-12,0.2556108937868433
id_3,2008-10-12,0.014595117424456627
id_2,2008-10-12,0.45247417277496343
id_1,2008-10-12,0.3089383459587619
id_0,2008-10-12,0.306982977982948
id_9,2008-10-19,0.04221916321197394
id_8,2008-10-19,0.4098449027872676
id_7,2008-10-19,0.01760990228770354
id_6,2008-10-19,0.20866657103129788
id_5,2008-10-19,0.4784352845528232
id_4,2008-10-19,0.04164548985949962
id_3,2008-10-19,0.267458427463542
id_2,2008-10-19,0.14827813253201494
id_1,2008-10-19,0.006618428879449745
id_0,2008-10-19,0.26781640151247915
id_8,2008-10-26,0.24422123336513796
id_9,2008-10-26,0.08274161416980658
id_6,2008-10-26,0.19153317978188478
id_5,2008-10-26,0.13899497239773295
id_7,2008-10-26,0.09033031077031717
id_3,2008-10-26,0.2021218089696294
id_2,2008-10-26,0.49600562170723705
id_1,2008-10-26,0.17361675896610979
id_0,2008-10-26,0.2949549881772855
id_4,2008-10-26,0.02553774008462839
id_9,2008-11-02,0.3127088051755843
id_8,2008-11-02,0.06713351185891242
id_7,2008-11-02,0.16925724638507134
id_6,2008-11-02,0.19656120761170853
id_5,2008-11-02,0.3966408363785241
id_4,2008-11-02,0.48275831956873666
id_3,2008-11-02,0.2620919301968791
id_2,2008-11-02,0.1247100205282256
id_1,2008-11-02,0.07407043047408252
id_0,2008-11-02,0.3650610147583848
id_8,2008-11-09,0.42531399989948293
id_9,2008-11-09,0.3113944970521126
id_6,2008-11-09,0.2948559089964616
id_5,2008-11-09,0.3299852742616312
id_7,2008-11-09,0.28874809403256124
id_3,2008-11-09,0.1825499385300049
id_2,2008-11-09,0.0529530774411161
id_1,2008-11-09,0.4909146949091266
id_0,2008-11-09,0.15597249773980093
id_4,2008-11-09,0.4295013198290293
id_9,2008-11-16,0.4191135222269648
id_8,2008-11-16,0.2874951636370572
id_6,2008-11-16,0.4407836350362478
id_5,2008-11-16,0.29011893543173006
id_7,2008-11-16,0.4263680789469712
id_3,2008-11-16,0.09528345747003403
id_2,2008-11-16,0.47547630552769704
id_1,2008-11-16,0.23918515351999403
id_0,2008-11-16,0.19911053110804594
id_4,2008-11-16,0.07601361360478476
id_8,2008-11-23,0.36996874039143535
id_0,2008-11-23,0.10492187448756107
id_1,2008-11-23,0.24869568274933135
id_2,2008-11-23,0.11671012773404815
id_3,2008-11-23,0.00956144872434489
id_4,2008-11-23,0.0003321092951022453
id_5,2008-11-23,0.38743988967370097
id_6,2008-11-23,0.4645330786343839
id_7,2008-11-23,0.17510097597828822
id_9,2008-11-23,0.4677463819357107
id_0,2008-11-30,0.09309650294016808
id_1,2008-11-30,0.3197362581993618
id_2,2008-11-30,0.34488413253887523
id_3,2008-11-30,0.25907490689558715
id_4,2008-11-30,0.4708338976948782
id_5,2008-11-30,0.4720162332140497
id_6,2008-11-30,0.026764810103659054
id_7,2008-11-30,0.13399434125221005
id_8,2008-11-30,0.3523323268041458
id_9,2008-11-30,0.07099323771263188
id_9,2008-12-07,0.12968690926349974
id_8,2008-12-07,0.48410588566562085
id_6,2008-12-07,0.09081119732284415
id_5,2008-12-07,0.018345708934706495
id_7,2008-12-07,0.030944584421447874
id_3,2008-12-07,0.42138843134242115
id_2,2008-12-07,0.02917817949029433
id_1,2008-12-07,0.18429230306480876
id_0,2008-12-07,0.4721861949919668
id_4,2008-12-07,0.13916264916005716
id_9,2008-12-14,0.21373070284662793
id_8,2008-12-14,0.14765366116790696
id_7,2008-12-14,0.41065173884905204
id_6,2008-12-14,0.056112157914144256
id_5,2008-12-14,0.07370005125661033
id_4,2008-12-14,0.09294880142774875
id_2,2008-12-14,0.3653545495637381
id_1,2008-12-14,0.06845013584279946
id_0,2008-12-14,0.3697753975246438
id_3,2008-12-14,0.18660797787239708
id_6,2008-12-21,0.09666732038345699
id_9,2008-12-21,0.00045164276062481523
id_8,2008-12-21,0.352653386389631
id_5,2008-12-21,0.3781436157505579
id_7,2008-12-21,0.18983322160333949
id_3,2008-12-21,0.11143190900749012
id_0,2008-12-21,0.24522940430878354
id_1,2008-12-21,0.41105886659712276
id_4,2008-12-21,0.34575405391576763
id_2,2008-12-21,0.44086010616691984
id_0,2008-12-28,0.11370731398666162
id_1,2008-12-28,0.09492395595137898
id_2,2008-12-28,0.13621844773298125
id_3,2008-12-28,0.04026600173592204
id_5,2008-12-28,0.041895676455042274
id_6,2008-12-28,0.1733039053045859
id_7,2008-12-28,0.28577509770846715
id_8,2008-12-28,0.18283816656295915
id_9,2008-12-28,0.034907151479847465
id_4,2008-12-28,0.0544518694206631
id_5,2009-01-04,0.2580618503705465
id_8,2009-01-04,0.19770536045932086
id_7,2009-01-04,0.4917777090856102
id_6,2009-01-04,0.2532658413113119
id_9,2009-01-04,0.11324563897051082
id_4,2009-01-04,0.13232479900140015
id_2,2009-01-04,0.18952844803871427
id_1,2009-01-04,0.255659491273228
id_0,2009-01-04,0.12717824088519647
id_3,2009-01-04,0.04265546155935168
id_9,2009-01-11,0.24055098200790587
id_8,2009-01-11,0.11529731832936074
id_7,2009-01-11,0.0007972853021472881
id_6,2009-01-11,0.3147306135045761
id_5,2009-01-11,0.10993038832080348
id_4,2009-01-11,0.48754734010602324
id_2,2009-01-11,0.18714809166045804
id_1,2009-01-11,0.11215851448736963
id_0,2009-01-11,0.02901458016193781
id_3,2009-01-11,0.11069822314638611
id_6,2009-01-18,0.36607110956985073
id_8,2009-01-18,0.17200508782542695
id_7,2009-01-18,0.07272507034943299
id_5,2009-01-18,0.13714785192137574
id_9,2009-01-18,0.1257613690843064
id_3,2009-01-18,0.05000703046077759
id_0,2009-01-18,0.2172083127790604
id_4,2009-01-18,0.3197313872370051
id_2,2009-01-18,0.37439412877006656
id_1,2009-01-18,0.04892224224701702
id_9,2009-01-25,0.438340946111524
id_8,2009-01-25,0.47414837582913155
id_7,2009-01-25,0.38955549700967773
id_5,2009-01-25,0.3509202414722081
id_6,2009-01-25,0.44505577069290353
id_3,2009-01-25,0.13251984918224102
id_2,2009-01-25,0.11890362126951942
id_1,2009-01-25,0.43109575871084166
id_0,2009-01-25,0.1558979409970513
id_4,2009-01-25,0.2603388957412768
id_9,2009-02-01,0.16213643777100556
id_8,2009-02-01,0.14628542347380047
id_7,2009-02-01,0.4025637426039189
id_6,2009-02-01,0.4945442186148954
id_5,2009-02-01,0.015096386634355807
id_4,2009-02-01,0.19895930741746887
id_2,2009-02-01,0.0859265495238215
id_1,2009-02-01,0.48645974451156515
id_0,2009-02-01,0.34817174440772974
id_3,2009-02-01,0.03307473105847736
id_9,2009-02-08,0.4623114060713143
id_8,2009-02-08,0.12299530297829336
id_7,2009-02-08,0.3846235595163777
id_6,2009-02-08,0.3314282392785599
id_5,2009-02-08,0.4366597139509518
id_4,2009-02-08,0.387250477442101
id_2,2009-02-08,0.22464582434386904
id_1,2009-02-08,0.4804173290315001
id_0,2009-02-08,0.18887591964624045
id_3,2009-02-08,0.03280243360496282
id_9,2009-02-15,0.487393630367355
id_8,2009-02-15,0.291568989236911
id_7,2009-02-15,0.26849944552141464
id_5,2009-02-15,0.222239477676135
id_6,2009-02-15,0.4226822593338815
id_3,2009-02-15,0.42813808981139095
id_2,2009-02-15,0.15223420368865975
id_1,2009-02-15,0.4532777496105895
id_0,2009-02-15,0.0898018387798174
id_4,2009-02-15,0.07047873826184686
id_9,2009-02-22,0.22493076695378939
id_8,2009-02-22,0.1290179783708773
id_7,2009-02-22,0.48942849051152804
id_6,2009-02-22,0.38901942346234947
id_5,2009-02-22,0.25119664695355054
id_4,2009-02-22,0.4836689010184911
id_2,2009-02-22,0.4195945611293262
id_1,2009-02-22,0.3870236663493194
id_0,2009-02-22,0.012339364195665614
id_3,2009-02-22,0.08106013035441662
id_9,2009-03-01,0.11356440844966181
id_8,2009-03-01,0.23669286279714752
id_7,2009-03-01,0.19809227999766027
id_5,2009-03-01,0.27002398184684595
id_6,2009-03-01,0.15376601960935599
id_3,2009-03-01,0.279841202911724
id_2,2009-03-01,0.11887091300781938
id_1,2009-03-01,0.16657257601432096
id_0,2009-03-01,0.03362481573162429
id_4,2009-03-01,0.43056150403289334
id_9,2009-03-08,0.14583306671150165
id_8,2009-03-08,0.4170881282781185
id_7,2009-03-08,0.30097184905655616
id_5,2009-03-08,0.32277214728974696
id_6,2009-03-08,0.4378461351174615
id_3,2009-03-08,0.38672777222451526
id_2,2009-03-08,0.2511947287446307
id_1,2009-03-08,0.04055069499399838
id_0,2009-03-08,0.33969638674928365
id_4,2009-03-08,0.30882849128462164
id_9,2009-03-15,0.3881668408297231
id_3,2009-03-15,0.2282047826695333
id_4,2009-03-15,0.021453095201279082
id_5,2009-03-15,0.17242829331137405
id_6,2009-03-15,0.021381568973899423
id_7,2009-03-15,0.03168450227442415
id_8,2009-03-15,0.11520015715358778
id_1,2009-03-15,0.20362058570690367
id_2,2009-03-15,0.4712917998489652
id_0,2009-03-15,0.22684842227802265
id_8,2009-03-22,0.21334570609196002
id_0,2009-03-22,0.2682896055543611
id_1,2009-03-22,0.11611707108547137
id_2,2009-03-22,0.3169988488723304
id_3,2009-03-22,0.07668443892967286
id_4,2009-03-22,0.35042782472386885
id_5,2009-03-22,0.050553745281745666
id_6,2009-03-22,0.00018367187572893018
id_7,2009-03-22,0.20492872495366937
id_9,2009-03-22,0.13667485389629552
id_7,2009-03-29,0.361250043754961
id_6,2009-03-29,0.1368663146942321
id_5,2009-03-29,0.15918946833308828
id_4,2009-03-29,0.4566421704427404
id_0,2009-03-29,0.44833564652017105
id_2,2009-03-29,0.4336447027312324
id_1,2009-03-29,0.06624381737899149
id_8,2009-03-29,0.30524486751001595
id_3,2009-03-29,0.09979807106005717
id_9,2009-03-29,0.1902914339601423
id_0,2009-04-05,0.4951694736983522
id_1,2009-04-05,0.02671359089341263
id_9,2009-04-05,0.2392879292409249
id_2,2009-04-05,0.47010484467738367
id_8,2009-04-05,0.2728144622867427
id_3,2009-04-05,0.21649210314059036
id_6,2009-04-05,0.23104876481372494
id_5,2009-04-05,0.08407105901141015
id_4,2009-04-05,0.262288533739313
id_7,2009-04-05,0.11936942038534964
id_9,2009-04-12,0.28755555823499207
id_8,2009-04-12,0.4873616187076186
id_7,2009-04-12,0.4719137945365742
id_6,2009-04-12,0.31918144750033867
id_4,2009-04-12,0.1771124109136314
id_3,2009-04-12,0.2641170445892679
id_2,2009-04-12,0.37538243094317597
id_1,2009-04-12,0.3627971821052894
id_0,2009-04-12,0.10844849219923697
id_5,2009-04-12,0.27806658972523696
id_7,2009-04-19,0.34339168382164453
id_9,2009-04-19,0.49805022015061906
id_8,2009-04-19,0.3401851271975975
id_6,2009-04-19,0.0508851332722724
id_5,2009-04-19,0.15901431548019324
id_4,2009-04-19,0.06013867248973481
id_3,2009-04-19,0.17472014602426744
id_2,2009-04-19,0.3497875301123757
id_1,2009-04-19,0.005713729312515514
id_0,2009-04-19,0.3315391015500504
id_9,2009-04-26,0.11610487758179616
id_8,2009-04-26,0.3699731210242199
id_7,2009-04-26,0.14378769142878572
id_6,2009-04-26,0.33650506691742
id_5,2009-04-26,0.47903358899671744
id_4,2009-04-26,0.37745055206878414
id_3,2009-04-26,0.39073980011733067
id_2,2009-04-26,0.48398278330211353
id_1,2009-04-26,0.3852903742513881
id_0,2009-04-26,0.13166118836857532
id_9,2009-05-03,0.17671185162408443
id_7,2009-05-03,0.3844994613529282
id_6,2009-05-03,0.40090793352984727
id_8,2009-05-03,0.4834779739833666
id_4,2009-05-03,0.4425109256059031
id_3,2009-05-03,0.3755108244281992
id_0,2009-05-03,0.01032549973286434
id_2,2009-05-03,0.4972003948238397
id_1,2009-05-03,0.07347332270018753
id_5,2009-05-03,0.48286713899014033
id_9,2009-05-10,0.1314455885052555
id_7,2009-05-10,0.04158238590405455
id_6,2009-05-10,0.0926564597896834
id_8,2009-05-10,0.2072190126142605
id_4,2009-05-10,0.05012587203792429
id_3,2009-05-10,0.46360590368655896
id_2,2009-05-10,0.22591084133487982
id_1,2009-05-10,0.039761041293377875
id_0,2009-05-10,0.3791893269180707
id_5,2009-05-10,0.31006294028412074
id_0,2009-05-17,0.16000857541123392
id_1,2009-05-17,0.04480151711930269
id_2,2009-05-17,0.03543488909210418
id_3,2009-05-17,0.01447627451348027
id_4,2009-05-17,0.37949227737617097
id_5,2009-05-17,0.308748633833643
id_8,2009-05-17,0.1776899075305256
id_7,2009-05-17,0.48738721125522827
id_9,2009-05-17,0.18055671832185516
id_6,2009-05-17,0.20756262741589693
id_0,2009-05-24,0.19173194708594898
id_2,2009-05-24,0.14639701572025943
id_3,2009-05-24,0.4478456456051017
id_4,2009-05-24,0.008530243129548754
id_5,2009-05-24,0.49268928228355297
id_6,2009-05-24,0.2599924949766549
id_7,2009-05-24,0.02464262953677926
id_8,2009-05-24,0.021931214883191275
id_9,2009-05-24,0.05040225844731028
id_1,2009-05-24,0.3360239036769572
id_9,2009-05-31,0.1799048836205236
id_8,2009-05-31,0.09210215325941357
id_7,2009-05-31,0.46672794557435915
id_6,2009-05-31,0.22590350904224032
id_1,2009-05-31,0.12268360492642238
id_4,2009-05-31,0.4835274590386098
id_5,2009-05-31,0.443641575617593
id_0,2009-05-31,0.29415855677680286
id_3,2009-05-31,0.19628439423107552
id_2,2009-05-31,0.07617735284386523
id_0,2009-06-07,0.4155242276180952
id_1,2009-06-07,0.21026973334004923
id_2,2009-06-07,0.2087431873980059
id_3,2009-06-07,0.43918624768999703
id_4,2009-06-07,0.3075290103175481
id_6,2009-06-07,0.3999149654442353
id_7,2009-06-07,0.1264269388741306
id_8,2009-06-07,0.11859481602583793
id_9,2009-06-07,0.4439325157321942
id_5,2009-06-07,0.38253497457907
id_7,2009-06-14,0.37891205384544524
id_9,2009-06-14,0.14929492392322452
id_8,2009-06-14,0.09175223353566925
id_6,2009-06-14,0.4802611990596654
id_4,2009-06-14,0.2762195294958166
id_3,2009-06-14,0.3453923880782648
id_2,2009-06-14,0.06564466423662801
id_1,2009-06-14,0.27868439566195846
id_5,2009-06-14,0.1567953058713506
id_0,2009-06-14,0.31449092179557436
id_9,2009-06-21,0.18596738992453443
id_8,2009-06-21,0.37739194659828224
id_7,2009-06-21,3.684971655304459e-05
id_6,2009-06-21,0.39947658200409
id_4,2009-06-21,0.1479749167944639
id_3,2009-06-21,0.4936743785369841
id_2,2009-06-21,0.302058902010441
id_1,2009-06-21,0.4302755869143969
id_5,2009-06-21,0.18276951405903819
id_0,2009-06-21,0.43632532772369764
id_8,2009-06-28,0.26794149063805583
id_7,2009-06-28,0.12712004458979986
id_6,2009-06-28,0.038996408937912286
id_9,2009-06-28,0.4722370822189673
id_4,2009-06-28,0.4646458357848917
id_2,2009-06-28,0.19140402957892705
id_1,2009-06-28,0.36352213135566414
id_0,2009-06-28,0.13677101740781789
id_5,2009-06-28,0.10063338288043272
id_3,2009-06-28,0.37964122585833404
id_0,2009-07-05,0.39902341695628185
id_1,2009-07-05,0.13516395261935732
id_2,2009-07-05,0.447692942144105
id_3,2009-07-05,0.1822723129983933
id_4,2009-07-05,0.1329528136683955
id_5,2009-07-05,0.24357406345868732
id_6,2009-07-05,0.40246778607956357
id_7,2009-07-05,0.37455030332485995
id_8,2009-07-05,0.33381690072923365
id_9,2009-07-05,0.3641894981634341
id_5,2009-07-12,0.4951842610697898
id_0,2009-07-12,0.0928179721529761
id_1,2009-07-12,0.0657413996455638
id_2,2009-07-12,0.48389733589925094
id_3,2009-07-12,0.25053158641737605
id_4,2009-07-12,0.41407330660834746
id_6,2009-07-12,0.033298166117775585
id_7,2009-07-12,0.26616803544866113
id_8,2009-07-12,0.4102310804196868
id_9,2009-07-12,0.25836935740902417
id_9,2009-07-19,0.3885963642017203
id_8,2009-07-19,0.11538697064294734
id_7,2009-07-19,0.05747607481855743
id_6,2009-07-19,0.117985192620785
id_5,2009-07-19,0.4560754765057944
id_4,2009-07-19,0.492554339668566
id_3,2009-07-19,0.18819457759717562
id_2,2009-07-19,0.2734424508347111
id_1,2009-07-19,0.02768716021059897
id_0,2009-07-19,0.4763958284859723
id_3,2009-07-26,0.18245591801061906
id_4,2009-07-26,0.3916983227574029
id_5,2009-07-26,0.059174717009734534
id_6,2009-07-26,0.0765484484178614
id_7,2009-07-26,0.19681487291863764
id_8,2009-07-26,0.16296196991074957
id_9,2009-07-26,0.06158982442725197
id_0,2009-07-26,0.34374413819390764
id_2,2009-07-26,0.1374117849337983
id_1,2009-07-26,0.15079931724047124
